Unit_ID;Device_Name;Device_User_Name;UTC_DateTime;User_DateTime;Location_Type;Latitude;Longitude;LSD;Speed_KPH;Heading;Satellite_Count;Uncertainty;Altitude_M;Battery_Level;GSM_Strength;Message_Protocol;Event_Type;Gas_Type;Shutdown_Reason;Link;Sensor_1_Reading;Sensor_1_Unit;Sensor_1_Gas;Sensor_2_Reading;Sensor_2_Unit;Sensor_2_Gas;Sensor_3_Reading;Sensor_3_Unit;Sensor_3_Gas;Sensor_4_Reading;Sensor_4_Unit;Sensor_4_Gas;Sensor_5_Reading;Sensor_5_Unit;Sensor_5_Gas
3588301834;"Unit 3588301834";;"2024-08-19 03:49:04";"2024-08-18 23:49:04";gps;14.6434482;-60.8987417;;0;0;1;;10;60;1;gsm;Location;;;"https://maps.google.com/maps?q=14.6434482;-60.8987417";0.7000;ppm;H2S;;;;;;;;;;;;
3588301834;"Unit 3588301834";;"2024-08-19 03:19:04";"2024-08-18 23:19:04";gps;14.6434482;-60.8987417;;0;0;1;;10;60;1;gsm;Location;;;"https://maps.google.com/maps?q=14.6434482;-60.8987417";0.7000;ppm;H2S;;;;;;;;;;;;
3588301834;"Unit 3588301834";;"2024-08-19 02:49:04";"2024-08-18 22:49:04";gps;14.6434482;-60.8987417;;0;0;1;;10;60;1;gsm;Location;;;"https://maps.google.com/maps?q=14.6434482;-60.8987417";1.0000;ppm;H2S;;;;;;;;;;;;
3588301834;"Unit 3588301834";;"2024-08-19 02:19:04";"2024-08-18 22:19:04";gps;14.6434482;-60.8987417;;0;0;1;;10;60;1;gsm;Location;;;"https://maps.google.com/maps?q=14.6434482;-60.8987417";1.4000;ppm;H2S;;;;;;;;;;;;
3588301834;"Unit 3588301834";;"2024-08-19 01:49:04";"2024-08-18 21:49:04";gps;14.6434482;-60.8987417;;0;0;1;;10;60;1;gsm;Location;;;"https://maps.google.com/maps?q=14.6434482;-60.8987417";1.0000;ppm;H2S;;;;;;;;;;;;
3588301834;"Unit 3588301834";;"2024-08-19 01:19:04";"2024-08-18 21:19:04";gps;14.6434482;-60.8987417;;0;0;1;;10;60;1;gsm;Location;;;"https://maps.google.com/maps?q=14.6434482;-60.8987417";0.9000;ppm;H2S;;;;;;;;;;;;
3588301834;"Unit 3588301834";;"2024-08-19 00:49:04";"2024-08-18 20:49:04";gps;14.6434482;-60.8987417;;0;0;1;;10;60;1;gsm;Location;;;"https://maps.google.com/maps?q=14.6434482;-60.8987417";1.2000;ppm;H2S;;;;;;;;;;;;
3588301834;"Unit 3588301834";;"2024-08-19 00:19:04";"2024-08-18 20:19:04";gps;14.6434482;-60.8987417;;0;0;1;;10;60;1;gsm;Location;;;"https://maps.google.com/maps?q=14.6434482;-60.8987417";2.0000;ppm;H2S;;;;;;;;;;;;
3588301834;"Unit 3588301834";;"2024-08-18 23:49:04";"2024-08-18 19:49:04";gps;14.6434482;-60.8987417;;0;0;1;;10;60;1;gsm;Location;;;"https://maps.google.com/maps?q=14.6434482;-60.8987417";1.8000;ppm;H2S;;;;;;;;;;;;
3588301834;"Unit 3588301834";;"2024-08-18 23:19:04";"2024-08-18 19:19:04";gps;14.6434482;-60.8987417;;0;0;1;;10;60;1;gsm;Location;;;"https://maps.google.com/maps?q=14.6434482;-60.8987417";1.6000;ppm;H2S;;;;;;;;;;;;
3588301834;"Unit 3588301834";;"2024-08-18 23:14:01";"2024-08-18 19:14:01";;;;;;;;;;60;1;gsm;"Logged on";;button_shut_off;;;;;;;;;;;;;;;;
3588301834;"Unit 3588301834";;"2024-08-18 22:49:04";"2024-08-18 18:49:04";gps;14.6434482;-60.8987417;;0;0;1;;10;60;1;gsm;Location;;;"https://maps.google.com/maps?q=14.6434482;-60.8987417";1.8000;ppm;H2S;;;;;;;;;;;;
3588301834;"Unit 3588301834";;"2024-08-18 22:19:04";"2024-08-18 18:19:04";gps;14.6434482;-60.8987417;;0;0;1;;10;60;1;gsm;Location;;;"https://maps.google.com/maps?q=14.6434482;-60.8987417";1.3000;ppm;H2S;;;;;;;;;;;;
3588301834;"Unit 3588301834";;"2024-08-18 21:49:04";"2024-08-18 17:49:04";gps;14.6434482;-60.8987417;;0;0;1;;10;60;1;gsm;Location;;;"https://maps.google.com/maps?q=14.6434482;-60.8987417";1.8000;ppm;H2S;;;;;;;;;;;;
3588301834;"Unit 3588301834";;"2024-08-18 21:19:04";"2024-08-18 17:19:04";gps;14.6434482;-60.8987417;;0;0;1;;10;60;1;gsm;Location;;;"https://maps.google.com/maps?q=14.6434482;-60.8987417";2.1000;ppm;H2S;;;;;;;;;;;;
3588301834;"Unit 3588301834";;"2024-08-18 20:49:04";"2024-08-18 16:49:04";gps;14.6434482;-60.8987417;;0;0;1;;10;60;1;gsm;Location;;;"https://maps.google.com/maps?q=14.6434482;-60.8987417";1.7000;ppm;H2S;;;;;;;;;;;;
3588301834;"Unit 3588301834";;"2024-08-18 20:19:04";"2024-08-18 16:19:04";gps;14.6434482;-60.8987417;;0;0;1;;10;60;1;gsm;Location;;;"https://maps.google.com/maps?q=14.6434482;-60.8987417";1.9000;ppm;H2S;;;;;;;;;;;;
3588301834;"Unit 3588301834";;"2024-08-18 19:49:04";"2024-08-18 15:49:04";gps;14.6434482;-60.8987417;;0;0;1;;10;60;1;gsm;Location;;;"https://maps.google.com/maps?q=14.6434482;-60.8987417";1.5000;ppm;H2S;;;;;;;;;;;;
3588301834;"Unit 3588301834";;"2024-08-18 19:19:04";"2024-08-18 15:19:04";gps;14.6434482;-60.8987417;;0;0;1;;10;60;1;gsm;Location;;;"https://maps.google.com/maps?q=14.6434482;-60.8987417";1.7000;ppm;H2S;;;;;;;;;;;;
3588301834;"Unit 3588301834";;"2024-08-18 18:49:04";"2024-08-18 14:49:04";gps;14.6434482;-60.8987417;;0;0;1;;10;60;1;gsm;Location;;;"https://maps.google.com/maps?q=14.6434482;-60.8987417";1.4000;ppm;H2S;;;;;;;;;;;;
3588301834;"Unit 3588301834";;"2024-08-18 18:19:04";"2024-08-18 14:19:04";gps;14.6434482;-60.8987417;;0;0;1;;10;60;1;gsm;Location;;;"https://maps.google.com/maps?q=14.6434482;-60.8987417";1.6000;ppm;H2S;;;;;;;;;;;;
3588301834;"Unit 3588301834";;"2024-08-18 17:49:04";"2024-08-18 13:49:04";gps;14.6434482;-60.8987417;;0;0;1;;10;60;1;gsm;Location;;;"https://maps.google.com/maps?q=14.6434482;-60.8987417";1.4000;ppm;H2S;;;;;;;;;;;;
3588301834;"Unit 3588301834";;"2024-08-18 17:19:48";"2024-08-18 13:19:48";;;;;;;;;;60;1;gsm;"Logged on";;button_shut_off;;;;;;;;;;;;;;;;
3588301834;"Unit 3588301834";;"2024-08-18 17:19:04";"2024-08-18 13:19:04";gps;14.6434482;-60.8987417;;0;0;1;;10;60;0;gsm;Location;;;"https://maps.google.com/maps?q=14.6434482;-60.8987417";1.9000;ppm;H2S;;;;;;;;;;;;
3588301834;"Unit 3588301834";;"2024-08-18 16:49:04";"2024-08-18 12:49:04";gps;14.6434482;-60.8987417;;0;0;1;;10;60;1;gsm;Location;;;"https://maps.google.com/maps?q=14.6434482;-60.8987417";1.8000;ppm;H2S;;;;;;;;;;;;
3588301834;"Unit 3588301834";;"2024-08-18 16:19:04";"2024-08-18 12:19:04";gps;14.6434482;-60.8987417;;0;0;1;;10;60;1;gsm;Location;;;"https://maps.google.com/maps?q=14.6434482;-60.8987417";1.5000;ppm;H2S;;;;;;;;;;;;
3588301834;"Unit 3588301834";;"2024-08-18 15:49:04";"2024-08-18 11:49:04";gps;14.6434482;-60.8987417;;0;0;1;;10;60;1;gsm;Location;;;"https://maps.google.com/maps?q=14.6434482;-60.8987417";1.8000;ppm;H2S;;;;;;;;;;;;
3588301834;"Unit 3588301834";;"2024-08-18 15:19:04";"2024-08-18 11:19:04";gps;14.6434482;-60.8987417;;0;0;1;;10;60;1;gsm;Location;;;"https://maps.google.com/maps?q=14.6434482;-60.8987417";1.3000;ppm;H2S;;;;;;;;;;;;
3588301834;"Unit 3588301834";;"2024-08-18 14:49:04";"2024-08-18 10:49:04";gps;14.6434482;-60.8987417;;0;0;1;;10;60;1;gsm;Location;;;"https://maps.google.com/maps?q=14.6434482;-60.8987417";1.4000;ppm;H2S;;;;;;;;;;;;
3588301834;"Unit 3588301834";;"2024-08-18 14:19:04";"2024-08-18 10:19:04";gps;14.6434482;-60.8987417;;0;0;1;;10;60;1;gsm;Location;;;"https://maps.google.com/maps?q=14.6434482;-60.8987417";1.6000;ppm;H2S;;;;;;;;;;;;
3588301834;"Unit 3588301834";;"2024-08-18 13:49:04";"2024-08-18 09:49:04";gps;14.6434482;-60.8987417;;0;0;1;;10;60;1;gsm;Location;;;"https://maps.google.com/maps?q=14.6434482;-60.8987417";1.7000;ppm;H2S;;;;;;;;;;;;
3588301834;"Unit 3588301834";;"2024-08-18 13:19:04";"2024-08-18 09:19:04";gps;14.6434482;-60.8987417;;0;0;1;;10;60;1;gsm;Location;;;"https://maps.google.com/maps?q=14.6434482;-60.8987417";1.8000;ppm;H2S;;;;;;;;;;;;
3588301834;"Unit 3588301834";;"2024-08-18 12:49:04";"2024-08-18 08:49:04";gps;14.6434482;-60.8987417;;0;0;1;;10;60;1;gsm;Location;;;"https://maps.google.com/maps?q=14.6434482;-60.8987417";1.7000;ppm;H2S;;;;;;;;;;;;
3588301834;"Unit 3588301834";;"2024-08-18 12:19:04";"2024-08-18 08:19:04";gps;14.6434482;-60.8987417;;0;0;1;;10;60;1;gsm;Location;;;"https://maps.google.com/maps?q=14.6434482;-60.8987417";2.4000;ppm;H2S;;;;;;;;;;;;
3588301834;"Unit 3588301834";;"2024-08-18 11:49:04";"2024-08-18 07:49:04";gps;14.6434482;-60.8987417;;0;0;1;;10;60;1;gsm;Location;;;"https://maps.google.com/maps?q=14.6434482;-60.8987417";2.7000;ppm;H2S;;;;;;;;;;;;
3588301834;"Unit 3588301834";;"2024-08-18 11:19:04";"2024-08-18 07:19:04";gps;14.6434482;-60.8987417;;0;0;1;;10;60;1;gsm;Location;;;"https://maps.google.com/maps?q=14.6434482;-60.8987417";2.2000;ppm;H2S;;;;;;;;;;;;
3588301834;"Unit 3588301834";;"2024-08-18 10:49:04";"2024-08-18 06:49:04";gps;14.6434482;-60.8987417;;0;0;1;;10;60;1;gsm;Location;;;"https://maps.google.com/maps?q=14.6434482;-60.8987417";2.3000;ppm;H2S;;;;;;;;;;;;
3588301834;"Unit 3588301834";;"2024-08-18 10:19:04";"2024-08-18 06:19:04";gps;14.6434482;-60.8987417;;0;0;1;;10;60;1;gsm;Location;;;"https://maps.google.com/maps?q=14.6434482;-60.8987417";1.2000;ppm;H2S;;;;;;;;;;;;
3588301834;"Unit 3588301834";;"2024-08-18 09:49:04";"2024-08-18 05:49:04";gps;14.6434482;-60.8987417;;0;0;1;;10;60;1;gsm;Location;;;"https://maps.google.com/maps?q=14.6434482;-60.8987417";0.8000;ppm;H2S;;;;;;;;;;;;
3588301834;"Unit 3588301834";;"2024-08-18 09:19:04";"2024-08-18 05:19:04";gps;14.6434482;-60.8987417;;0;0;1;;10;60;1;gsm;Location;;;"https://maps.google.com/maps?q=14.6434482;-60.8987417";0.8000;ppm;H2S;;;;;;;;;;;;
3588301834;"Unit 3588301834";;"2024-08-18 08:49:04";"2024-08-18 04:49:04";gps;14.6434482;-60.8987417;;0;0;1;;10;60;1;gsm;Location;;;"https://maps.google.com/maps?q=14.6434482;-60.8987417";0.9000;ppm;H2S;;;;;;;;;;;;
3588301834;"Unit 3588301834";;"2024-08-18 08:19:04";"2024-08-18 04:19:04";gps;14.6434482;-60.8987417;;0;0;1;;10;60;1;gsm;Location;;;"https://maps.google.com/maps?q=14.6434482;-60.8987417";0.0000;ppm;H2S;;;;;;;;;;;;
3588301834;"Unit 3588301834";;"2024-08-18 07:49:04";"2024-08-18 03:49:04";gps;14.6434482;-60.8987417;;0;0;1;;10;60;1;gsm;Location;;;"https://maps.google.com/maps?q=14.6434482;-60.8987417";0.0000;ppm;H2S;;;;;;;;;;;;
3588301834;"Unit 3588301834";;"2024-08-18 07:19:04";"2024-08-18 03:19:04";gps;14.6434482;-60.8987417;;0;0;1;;10;60;1;gsm;Location;;;"https://maps.google.com/maps?q=14.6434482;-60.8987417";0.0000;ppm;H2S;;;;;;;;;;;;
3588301834;"Unit 3588301834";;"2024-08-18 06:49:04";"2024-08-18 02:49:04";gps;14.6434482;-60.8987417;;0;0;1;;10;60;1;gsm;Location;;;"https://maps.google.com/maps?q=14.6434482;-60.8987417";0.5000;ppm;H2S;;;;;;;;;;;;
3588301834;"Unit 3588301834";;"2024-08-18 06:21:38";"2024-08-18 02:21:38";;;;;;;;;;60;1;gsm;"Logged on";;button_shut_off;;;;;;;;;;;;;;;;
3588301834;"Unit 3588301834";;"2024-08-18 06:19:04";"2024-08-18 02:19:04";gps;14.6434482;-60.8987417;;0;0;1;;10;60;1;gsm;Location;;;"https://maps.google.com/maps?q=14.6434482;-60.8987417";0.0000;ppm;H2S;;;;;;;;;;;;
3588301834;"Unit 3588301834";;"2024-08-18 05:49:04";"2024-08-18 01:49:04";gps;14.6434482;-60.8987417;;0;0;1;;10;60;1;gsm;Location;;;"https://maps.google.com/maps?q=14.6434482;-60.8987417";1.0000;ppm;H2S;;;;;;;;;;;;
3588301834;"Unit 3588301834";;"2024-08-18 05:19:04";"2024-08-18 01:19:04";gps;14.6434482;-60.8987417;;0;0;1;;10;60;1;gsm;Location;;;"https://maps.google.com/maps?q=14.6434482;-60.8987417";0.8000;ppm;H2S;;;;;;;;;;;;
3588301834;"Unit 3588301834";;"2024-08-18 04:49:04";"2024-08-18 00:49:04";gps;14.6434482;-60.8987417;;0;0;1;;10;60;1;gsm;Location;;;"https://maps.google.com/maps?q=14.6434482;-60.8987417";1.0000;ppm;H2S;;;;;;;;;;;;
3588301834;"Unit 3588301834";;"2024-08-18 04:19:04";"2024-08-18 00:19:04";gps;14.6434482;-60.8987417;;0;0;1;;10;60;1;gsm;Location;;;"https://maps.google.com/maps?q=14.6434482;-60.8987417";0.8000;ppm;H2S;;;;;;;;;;;;
3588301834;"Unit 3588301834";;"2024-08-18 03:49:04";"2024-08-17 23:49:04";gps;14.6434482;-60.8987417;;0;0;1;;10;60;1;gsm;Location;;;"https://maps.google.com/maps?q=14.6434482;-60.8987417";0.7000;ppm;H2S;;;;;;;;;;;;
3588301834;"Unit 3588301834";;"2024-08-18 03:19:04";"2024-08-17 23:19:04";gps;14.6434482;-60.8987417;;0;0;1;;10;60;1;gsm;Location;;;"https://maps.google.com/maps?q=14.6434482;-60.8987417";0.7000;ppm;H2S;;;;;;;;;;;;
3588301834;"Unit 3588301834";;"2024-08-18 02:49:04";"2024-08-17 22:49:04";gps;14.6434482;-60.8987417;;0;0;1;;10;60;1;gsm;Location;;;"https://maps.google.com/maps?q=14.6434482;-60.8987417";0.7000;ppm;H2S;;;;;;;;;;;;
3588301834;"Unit 3588301834";;"2024-08-18 02:19:04";"2024-08-17 22:19:04";gps;14.6434482;-60.8987417;;0;0;1;;10;60;1;gsm;Location;;;"https://maps.google.com/maps?q=14.6434482;-60.8987417";1.0000;ppm;H2S;;;;;;;;;;;;
3588301834;"Unit 3588301834";;"2024-08-18 01:49:04";"2024-08-17 21:49:04";gps;14.6434482;-60.8987417;;0;0;1;;10;60;1;gsm;Location;;;"https://maps.google.com/maps?q=14.6434482;-60.8987417";0.9000;ppm;H2S;;;;;;;;;;;;
3588301834;"Unit 3588301834";;"2024-08-18 01:19:04";"2024-08-17 21:19:04";gps;14.6434482;-60.8987417;;0;0;1;;10;60;1;gsm;Location;;;"https://maps.google.com/maps?q=14.6434482;-60.8987417";0.9000;ppm;H2S;;;;;;;;;;;;
3588301834;"Unit 3588301834";;"2024-08-18 00:49:04";"2024-08-17 20:49:04";gps;14.6434482;-60.8987417;;0;0;1;;10;60;1;gsm;Location;;;"https://maps.google.com/maps?q=14.6434482;-60.8987417";0.9000;ppm;H2S;;;;;;;;;;;;
3588301834;"Unit 3588301834";;"2024-08-18 00:19:04";"2024-08-17 20:19:04";gps;14.6434482;-60.8987417;;0;0;1;;10;60;1;gsm;Location;;;"https://maps.google.com/maps?q=14.6434482;-60.8987417";0.6000;ppm;H2S;;;;;;;;;;;;
3588301834;"Unit 3588301834";;"2024-08-17 23:49:04";"2024-08-17 19:49:04";gps;14.6434482;-60.8987417;;0;0;1;;10;60;1;gsm;Location;;;"https://maps.google.com/maps?q=14.6434482;-60.8987417";0.6000;ppm;H2S;;;;;;;;;;;;
3588301834;"Unit 3588301834";;"2024-08-17 23:19:04";"2024-08-17 19:19:04";gps;14.6434482;-60.8987417;;0;0;1;;10;60;1;gsm;Location;;;"https://maps.google.com/maps?q=14.6434482;-60.8987417";0.0000;ppm;H2S;;;;;;;;;;;;
3588301834;"Unit 3588301834";;"2024-08-17 22:49:04";"2024-08-17 18:49:04";gps;14.6434482;-60.8987417;;0;0;1;;10;60;1;gsm;Location;;;"https://maps.google.com/maps?q=14.6434482;-60.8987417";0.6000;ppm;H2S;;;;;;;;;;;;
3588301834;"Unit 3588301834";;"2024-08-17 22:19:04";"2024-08-17 18:19:04";gps;14.6434482;-60.8987417;;0;0;1;;10;60;1;gsm;Location;;;"https://maps.google.com/maps?q=14.6434482;-60.8987417";0.8000;ppm;H2S;;;;;;;;;;;;
3588301834;"Unit 3588301834";;"2024-08-17 21:49:04";"2024-08-17 17:49:04";gps;14.6434482;-60.8987417;;0;0;1;;10;60;1;gsm;Location;;;"https://maps.google.com/maps?q=14.6434482;-60.8987417";0.0000;ppm;H2S;;;;;;;;;;;;
3588301834;"Unit 3588301834";;"2024-08-17 21:19:04";"2024-08-17 17:19:04";gps;14.6434482;-60.8987417;;0;0;1;;10;60;1;gsm;Location;;;"https://maps.google.com/maps?q=14.6434482;-60.8987417";0.0000;ppm;H2S;;;;;;;;;;;;
3588301834;"Unit 3588301834";;"2024-08-17 20:49:04";"2024-08-17 16:49:04";gps;14.6434482;-60.8987417;;0;0;1;;10;60;1;gsm;Location;;;"https://maps.google.com/maps?q=14.6434482;-60.8987417";0.0000;ppm;H2S;;;;;;;;;;;;
3588301834;"Unit 3588301834";;"2024-08-17 20:19:04";"2024-08-17 16:19:04";gps;14.6434482;-60.8987417;;0;0;1;;10;60;1;gsm;Location;;;"https://maps.google.com/maps?q=14.6434482;-60.8987417";0.0000;ppm;H2S;;;;;;;;;;;;
3588301834;"Unit 3588301834";;"2024-08-17 19:49:04";"2024-08-17 15:49:04";gps;14.6434482;-60.8987417;;0;0;1;;10;60;1;gsm;Location;;;"https://maps.google.com/maps?q=14.6434482;-60.8987417";0.0000;ppm;H2S;;;;;;;;;;;;
3588301834;"Unit 3588301834";;"2024-08-17 19:19:04";"2024-08-17 15:19:04";gps;14.6434482;-60.8987417;;0;0;1;;10;60;1;gsm;Location;;;"https://maps.google.com/maps?q=14.6434482;-60.8987417";0.5000;ppm;H2S;;;;;;;;;;;;
3588301834;"Unit 3588301834";;"2024-08-17 18:49:04";"2024-08-17 14:49:04";gps;14.6434482;-60.8987417;;0;0;1;;10;60;1;gsm;Location;;;"https://maps.google.com/maps?q=14.6434482;-60.8987417";0.6000;ppm;H2S;;;;;;;;;;;;
3588301834;"Unit 3588301834";;"2024-08-17 18:19:04";"2024-08-17 14:19:04";gps;14.6434482;-60.8987417;;0;0;1;;10;60;1;gsm;Location;;;"https://maps.google.com/maps?q=14.6434482;-60.8987417";0.0000;ppm;H2S;;;;;;;;;;;;
3588301834;"Unit 3588301834";;"2024-08-17 18:04:41";"2024-08-17 14:04:41";;;;;;;;;;60;8;gsm;"Logged on";;button_shut_off;;;;;;;;;;;;;;;;
3588301834;"Unit 3588301834";;"2024-08-17 17:56:08";"2024-08-17 13:56:08";;;;;;;;;;60;1;gsm;"Logged on";;button_shut_off;;;;;;;;;;;;;;;;
3588301834;"Unit 3588301834";;"2024-08-17 17:49:04";"2024-08-17 13:49:04";gps;14.6434482;-60.8987417;;0;0;1;;10;60;1;gsm;Location;;;"https://maps.google.com/maps?q=14.6434482;-60.8987417";0.7000;ppm;H2S;;;;;;;;;;;;
3588301834;"Unit 3588301834";;"2024-08-17 17:19:04";"2024-08-17 13:19:04";gps;14.6434482;-60.8987417;;0;0;1;;10;60;1;gsm;Location;;;"https://maps.google.com/maps?q=14.6434482;-60.8987417";0.9000;ppm;H2S;;;;;;;;;;;;
3588301834;"Unit 3588301834";;"2024-08-17 16:49:04";"2024-08-17 12:49:04";gps;14.6434482;-60.8987417;;0;0;1;;10;60;1;gsm;Location;;;"https://maps.google.com/maps?q=14.6434482;-60.8987417";0.7000;ppm;H2S;;;;;;;;;;;;
3588301834;"Unit 3588301834";;"2024-08-17 16:19:04";"2024-08-17 12:19:04";gps;14.6434482;-60.8987417;;0;0;1;;10;60;1;gsm;Location;;;"https://maps.google.com/maps?q=14.6434482;-60.8987417";0.9000;ppm;H2S;;;;;;;;;;;;
3588301834;"Unit 3588301834";;"2024-08-17 15:49:04";"2024-08-17 11:49:04";gps;14.6434482;-60.8987417;;0;0;1;;10;60;1;gsm;Location;;;"https://maps.google.com/maps?q=14.6434482;-60.8987417";0.7000;ppm;H2S;;;;;;;;;;;;
3588301834;"Unit 3588301834";;"2024-08-17 15:19:04";"2024-08-17 11:19:04";gps;14.6434482;-60.8987417;;0;0;1;;10;60;1;gsm;Location;;;"https://maps.google.com/maps?q=14.6434482;-60.8987417";0.0000;ppm;H2S;;;;;;;;;;;;
3588301834;"Unit 3588301834";;"2024-08-17 14:49:04";"2024-08-17 10:49:04";gps;14.6434482;-60.8987417;;0;0;1;;10;60;1;gsm;Location;;;"https://maps.google.com/maps?q=14.6434482;-60.8987417";0.7000;ppm;H2S;;;;;;;;;;;;
3588301834;"Unit 3588301834";;"2024-08-17 14:19:04";"2024-08-17 10:19:04";gps;14.6434482;-60.8987417;;0;0;1;;10;60;1;gsm;Location;;;"https://maps.google.com/maps?q=14.6434482;-60.8987417";0.6000;ppm;H2S;;;;;;;;;;;;
3588301834;"Unit 3588301834";;"2024-08-17 13:49:04";"2024-08-17 09:49:04";gps;14.6434482;-60.8987417;;0;0;1;;10;60;1;gsm;Location;;;"https://maps.google.com/maps?q=14.6434482;-60.8987417";0.0000;ppm;H2S;;;;;;;;;;;;
3588301834;"Unit 3588301834";;"2024-08-17 13:19:04";"2024-08-17 09:19:04";gps;14.6434482;-60.8987417;;0;0;1;;10;60;1;gsm;Location;;;"https://maps.google.com/maps?q=14.6434482;-60.8987417";0.0000;ppm;H2S;;;;;;;;;;;;
3588301834;"Unit 3588301834";;"2024-08-17 12:49:04";"2024-08-17 08:49:04";gps;14.6434482;-60.8987417;;0;0;1;;10;60;1;gsm;Location;;;"https://maps.google.com/maps?q=14.6434482;-60.8987417";0.0000;ppm;H2S;;;;;;;;;;;;
3588301834;"Unit 3588301834";;"2024-08-17 12:19:04";"2024-08-17 08:19:04";gps;14.6434482;-60.8987417;;0;0;1;;10;60;1;gsm;Location;;;"https://maps.google.com/maps?q=14.6434482;-60.8987417";0.0000;ppm;H2S;;;;;;;;;;;;
3588301834;"Unit 3588301834";;"2024-08-17 11:49:04";"2024-08-17 07:49:04";gps;14.6434482;-60.8987417;;0;0;1;;10;60;1;gsm;Location;;;"https://maps.google.com/maps?q=14.6434482;-60.8987417";0.0000;ppm;H2S;;;;;;;;;;;;
3588301834;"Unit 3588301834";;"2024-08-17 11:19:04";"2024-08-17 07:19:04";gps;14.6434482;-60.8987417;;0;0;1;;10;60;1;gsm;Location;;;"https://maps.google.com/maps?q=14.6434482;-60.8987417";0.0000;ppm;H2S;;;;;;;;;;;;
3588301834;"Unit 3588301834";;"2024-08-17 10:49:04";"2024-08-17 06:49:04";gps;14.6434482;-60.8987417;;0;0;1;;10;60;1;gsm;Location;;;"https://maps.google.com/maps?q=14.6434482;-60.8987417";0.0000;ppm;H2S;;;;;;;;;;;;
3588301834;"Unit 3588301834";;"2024-08-17 10:19:04";"2024-08-17 06:19:04";gps;14.6434482;-60.8987417;;0;0;1;;10;60;1;gsm;Location;;;"https://maps.google.com/maps?q=14.6434482;-60.8987417";0.0000;ppm;H2S;;;;;;;;;;;;
3588301834;"Unit 3588301834";;"2024-08-17 09:49:04";"2024-08-17 05:49:04";gps;14.6434482;-60.8987417;;0;0;1;;10;60;1;gsm;Location;;;"https://maps.google.com/maps?q=14.6434482;-60.8987417";0.0000;ppm;H2S;;;;;;;;;;;;
3588301834;"Unit 3588301834";;"2024-08-17 09:19:04";"2024-08-17 05:19:04";gps;14.6434482;-60.8987417;;0;0;1;;10;60;1;gsm;Location;;;"https://maps.google.com/maps?q=14.6434482;-60.8987417";0.0000;ppm;H2S;;;;;;;;;;;;
3588301834;"Unit 3588301834";;"2024-08-17 08:49:04";"2024-08-17 04:49:04";gps;14.6434482;-60.8987417;;0;0;1;;10;60;1;gsm;Location;;;"https://maps.google.com/maps?q=14.6434482;-60.8987417";0.0000;ppm;H2S;;;;;;;;;;;;
3588301834;"Unit 3588301834";;"2024-08-17 08:19:04";"2024-08-17 04:19:04";gps;14.6434482;-60.8987417;;0;0;1;;10;60;1;gsm;Location;;;"https://maps.google.com/maps?q=14.6434482;-60.8987417";0.0000;ppm;H2S;;;;;;;;;;;;
3588301834;"Unit 3588301834";;"2024-08-17 07:49:04";"2024-08-17 03:49:04";gps;14.6434482;-60.8987417;;0;0;1;;10;60;1;gsm;Location;;;"https://maps.google.com/maps?q=14.6434482;-60.8987417";0.0000;ppm;H2S;;;;;;;;;;;;
3588301834;"Unit 3588301834";;"2024-08-17 07:19:04";"2024-08-17 03:19:04";gps;14.6434482;-60.8987417;;0;0;1;;10;60;1;gsm;Location;;;"https://maps.google.com/maps?q=14.6434482;-60.8987417";0.0000;ppm;H2S;;;;;;;;;;;;
3588301834;"Unit 3588301834";;"2024-08-17 06:49:04";"2024-08-17 02:49:04";gps;14.6434482;-60.8987417;;0;0;1;;10;60;1;gsm;Location;;;"https://maps.google.com/maps?q=14.6434482;-60.8987417";0.0000;ppm;H2S;;;;;;;;;;;;
3588301834;"Unit 3588301834";;"2024-08-17 06:19:04";"2024-08-17 02:19:04";gps;14.6434482;-60.8987417;;0;0;1;;10;60;1;gsm;Location;;;"https://maps.google.com/maps?q=14.6434482;-60.8987417";0.0000;ppm;H2S;;;;;;;;;;;;
3588301834;"Unit 3588301834";;"2024-08-17 05:49:04";"2024-08-17 01:49:04";gps;14.6434482;-60.8987417;;0;0;1;;10;60;1;gsm;Location;;;"https://maps.google.com/maps?q=14.6434482;-60.8987417";0.0000;ppm;H2S;;;;;;;;;;;;
3588301834;"Unit 3588301834";;"2024-08-17 05:19:04";"2024-08-17 01:19:04";gps;14.6434482;-60.8987417;;0;0;1;;10;60;1;gsm;Location;;;"https://maps.google.com/maps?q=14.6434482;-60.8987417";0.0000;ppm;H2S;;;;;;;;;;;;
3588301834;"Unit 3588301834";;"2024-08-17 04:49:04";"2024-08-17 00:49:04";gps;14.6434482;-60.8987417;;0;0;1;;10;60;1;gsm;Location;;;"https://maps.google.com/maps?q=14.6434482;-60.8987417";0.0000;ppm;H2S;;;;;;;;;;;;
3588301834;"Unit 3588301834";;"2024-08-17 04:39:24";"2024-08-17 00:39:24";;;;;;;;;;60;6;gsm;"Logged on";;button_shut_off;;;;;;;;;;;;;;;;
3588301834;"Unit 3588301834";;"2024-08-17 04:29:09";"2024-08-17 00:29:09";;;;;;;;;;60;1;gsm;"Logged on";;button_shut_off;;;;;;;;;;;;;;;;
3588301834;"Unit 3588301834";;"2024-08-17 04:22:23";"2024-08-17 00:22:23";;;;;;;;;;60;1;gsm;"Logged on";;button_shut_off;;;;;;;;;;;;;;;;
3588301834;"Unit 3588301834";;"2024-08-17 04:19:04";"2024-08-17 00:19:04";gps;14.6434482;-60.8987417;;0;0;1;;10;60;1;gsm;Location;;;"https://maps.google.com/maps?q=14.6434482;-60.8987417";0.0000;ppm;H2S;;;;;;;;;;;;
3588301834;"Unit 3588301834";;"2024-08-17 03:49:04";"2024-08-16 23:49:04";gps;14.6434482;-60.8987417;;0;0;1;;10;60;1;gsm;Location;;;"https://maps.google.com/maps?q=14.6434482;-60.8987417";0.0000;ppm;H2S;;;;;;;;;;;;
3588301834;"Unit 3588301834";;"2024-08-17 03:30:05";"2024-08-16 23:30:05";;;;;;;;;;60;1;gsm;"Logged on";;button_shut_off;;;;;;;;;;;;;;;;
3588301834;"Unit 3588301834";;"2024-08-17 03:22:21";"2024-08-16 23:22:21";;;;;;;;;;60;1;gsm;"Logged on";;button_shut_off;;;;;;;;;;;;;;;;
3588301834;"Unit 3588301834";;"2024-08-17 03:19:04";"2024-08-16 23:19:04";gps;14.6434482;-60.8987417;;0;0;1;;10;60;1;gsm;Location;;;"https://maps.google.com/maps?q=14.6434482;-60.8987417";0.0000;ppm;H2S;;;;;;;;;;;;
3588301834;"Unit 3588301834";;"2024-08-17 02:49:04";"2024-08-16 22:49:04";gps;14.6434482;-60.8987417;;0;0;1;;10;60;1;gsm;Location;;;"https://maps.google.com/maps?q=14.6434482;-60.8987417";0.0000;ppm;H2S;;;;;;;;;;;;
3588301834;"Unit 3588301834";;"2024-08-17 02:19:04";"2024-08-16 22:19:04";gps;14.6434482;-60.8987417;;0;0;1;;10;60;1;gsm;Location;;;"https://maps.google.com/maps?q=14.6434482;-60.8987417";0.0000;ppm;H2S;;;;;;;;;;;;
3588301834;"Unit 3588301834";;"2024-08-17 01:57:51";"2024-08-16 21:57:51";;;;;;;;;;60;1;gsm;"Logged on";;button_shut_off;;;;;;;;;;;;;;;;
3588301834;"Unit 3588301834";;"2024-08-17 01:52:15";"2024-08-16 21:52:15";;;;;;;;;;60;1;gsm;"Logged on";;button_shut_off;;;;;;;;;;;;;;;;
3588301834;"Unit 3588301834";;"2024-08-17 01:49:04";"2024-08-16 21:49:04";gps;14.6434482;-60.8987417;;0;0;1;;10;60;1;gsm;Location;;;"https://maps.google.com/maps?q=14.6434482;-60.8987417";0.0000;ppm;H2S;;;;;;;;;;;;
3588301834;"Unit 3588301834";;"2024-08-17 01:19:04";"2024-08-16 21:19:04";gps;14.6434482;-60.8987417;;0;0;1;;10;60;1;gsm;Location;;;"https://maps.google.com/maps?q=14.6434482;-60.8987417";0.0000;ppm;H2S;;;;;;;;;;;;
3588301834;"Unit 3588301834";;"2024-08-17 00:52:01";"2024-08-16 20:52:01";;;;;;;;;;60;1;gsm;"Logged on";;button_shut_off;;;;;;;;;;;;;;;;
3588301834;"Unit 3588301834";;"2024-08-17 00:49:04";"2024-08-16 20:49:04";gps;14.6434482;-60.8987417;;0;0;1;;10;60;1;gsm;Location;;;"https://maps.google.com/maps?q=14.6434482;-60.8987417";0.0000;ppm;H2S;;;;;;;;;;;;
3588301834;"Unit 3588301834";;"2024-08-17 00:19:04";"2024-08-16 20:19:04";gps;14.6434482;-60.8987417;;0;0;1;;10;60;1;gsm;Location;;;"https://maps.google.com/maps?q=14.6434482;-60.8987417";0.0000;ppm;H2S;;;;;;;;;;;;
3588301834;"Unit 3588301834";;"2024-08-16 23:49:04";"2024-08-16 19:49:04";gps;14.6434482;-60.8987417;;0;0;1;;10;60;1;gsm;Location;;;"https://maps.google.com/maps?q=14.6434482;-60.8987417";0.0000;ppm;H2S;;;;;;;;;;;;
3588301834;"Unit 3588301834";;"2024-08-16 23:19:04";"2024-08-16 19:19:04";gps;14.6434482;-60.8987417;;0;0;1;;10;60;1;gsm;Location;;;"https://maps.google.com/maps?q=14.6434482;-60.8987417";0.0000;ppm;H2S;;;;;;;;;;;;
3588301834;"Unit 3588301834";;"2024-08-16 22:49:04";"2024-08-16 18:49:04";gps;14.6434482;-60.8987417;;0;0;1;;10;60;1;gsm;Location;;;"https://maps.google.com/maps?q=14.6434482;-60.8987417";0.0000;ppm;H2S;;;;;;;;;;;;
3588301834;"Unit 3588301834";;"2024-08-16 22:19:04";"2024-08-16 18:19:04";gps;14.6434482;-60.8987417;;0;0;1;;10;60;1;gsm;Location;;;"https://maps.google.com/maps?q=14.6434482;-60.8987417";0.0000;ppm;H2S;;;;;;;;;;;;
3588301834;"Unit 3588301834";;"2024-08-16 21:49:04";"2024-08-16 17:49:04";gps;14.6434482;-60.8987417;;0;0;1;;10;60;1;gsm;Location;;;"https://maps.google.com/maps?q=14.6434482;-60.8987417";0.0000;ppm;H2S;;;;;;;;;;;;
3588301834;"Unit 3588301834";;"2024-08-16 21:19:04";"2024-08-16 17:19:04";gps;14.6434482;-60.8987417;;0;0;1;;10;60;1;gsm;Location;;;"https://maps.google.com/maps?q=14.6434482;-60.8987417";0.6000;ppm;H2S;;;;;;;;;;;;
3588301834;"Unit 3588301834";;"2024-08-16 20:49:04";"2024-08-16 16:49:04";gps;14.6434482;-60.8987417;;0;0;1;;10;60;1;gsm;Location;;;"https://maps.google.com/maps?q=14.6434482;-60.8987417";0.0000;ppm;H2S;;;;;;;;;;;;
3588301834;"Unit 3588301834";;"2024-08-16 20:19:04";"2024-08-16 16:19:04";gps;14.6434482;-60.8987417;;0;0;1;;10;60;1;gsm;Location;;;"https://maps.google.com/maps?q=14.6434482;-60.8987417";0.0000;ppm;H2S;;;;;;;;;;;;
3588301834;"Unit 3588301834";;"2024-08-16 19:49:04";"2024-08-16 15:49:04";gps;14.6434482;-60.8987417;;0;0;1;;10;60;1;gsm;Location;;;"https://maps.google.com/maps?q=14.6434482;-60.8987417";0.8000;ppm;H2S;;;;;;;;;;;;
3588301834;"Unit 3588301834";;"2024-08-16 19:34:19";"2024-08-16 15:34:19";;;;;;;;;;60;1;gsm;"Logged on";;button_shut_off;;;;;;;;;;;;;;;;
3588301834;"Unit 3588301834";;"2024-08-16 19:19:04";"2024-08-16 15:19:04";gps;14.6434482;-60.8987417;;0;0;1;;10;60;1;gsm;Location;;;"https://maps.google.com/maps?q=14.6434482;-60.8987417";0.0000;ppm;H2S;;;;;;;;;;;;
3588301834;"Unit 3588301834";;"2024-08-16 18:49:04";"2024-08-16 14:49:04";gps;14.6434482;-60.8987417;;0;0;1;;10;60;1;gsm;Location;;;"https://maps.google.com/maps?q=14.6434482;-60.8987417";0.0000;ppm;H2S;;;;;;;;;;;;
3588301834;"Unit 3588301834";;"2024-08-16 18:19:04";"2024-08-16 14:19:04";gps;14.6434482;-60.8987417;;0;0;1;;10;60;1;gsm;Location;;;"https://maps.google.com/maps?q=14.6434482;-60.8987417";0.0000;ppm;H2S;;;;;;;;;;;;
3588301834;"Unit 3588301834";;"2024-08-16 17:49:04";"2024-08-16 13:49:04";gps;14.6434482;-60.8987417;;0;0;1;;10;60;1;gsm;Location;;;"https://maps.google.com/maps?q=14.6434482;-60.8987417";0.0000;ppm;H2S;;;;;;;;;;;;
3588301834;"Unit 3588301834";;"2024-08-16 17:19:04";"2024-08-16 13:19:04";gps;14.6434482;-60.8987417;;0;0;1;;10;60;1;gsm;Location;;;"https://maps.google.com/maps?q=14.6434482;-60.8987417";0.0000;ppm;H2S;;;;;;;;;;;;
3588301834;"Unit 3588301834";;"2024-08-16 16:49:04";"2024-08-16 12:49:04";gps;14.6434482;-60.8987417;;0;0;1;;10;60;1;gsm;Location;;;"https://maps.google.com/maps?q=14.6434482;-60.8987417";0.0000;ppm;H2S;;;;;;;;;;;;
3588301834;"Unit 3588301834";;"2024-08-16 16:19:04";"2024-08-16 12:19:04";gps;14.6434482;-60.8987417;;0;0;1;;10;60;1;gsm;Location;;;"https://maps.google.com/maps?q=14.6434482;-60.8987417";0.0000;ppm;H2S;;;;;;;;;;;;
3588301834;"Unit 3588301834";;"2024-08-16 15:49:04";"2024-08-16 11:49:04";gps;14.6434482;-60.8987417;;0;0;1;;10;60;1;gsm;Location;;;"https://maps.google.com/maps?q=14.6434482;-60.8987417";0.0000;ppm;H2S;;;;;;;;;;;;
3588301834;"Unit 3588301834";;"2024-08-16 15:19:04";"2024-08-16 11:19:04";gps;14.6434482;-60.8987417;;0;0;1;;10;60;1;gsm;Location;;;"https://maps.google.com/maps?q=14.6434482;-60.8987417";0.0000;ppm;H2S;;;;;;;;;;;;
3588301834;"Unit 3588301834";;"2024-08-16 14:49:04";"2024-08-16 10:49:04";gps;14.6434482;-60.8987417;;0;0;1;;10;60;1;gsm;Location;;;"https://maps.google.com/maps?q=14.6434482;-60.8987417";1.0000;ppm;H2S;;;;;;;;;;;;
3588301834;"Unit 3588301834";;"2024-08-16 14:19:04";"2024-08-16 10:19:04";gps;14.6434482;-60.8987417;;0;0;1;;10;60;1;gsm;Location;;;"https://maps.google.com/maps?q=14.6434482;-60.8987417";1.6000;ppm;H2S;;;;;;;;;;;;
3588301834;"Unit 3588301834";;"2024-08-16 13:49:04";"2024-08-16 09:49:04";gps;14.6434482;-60.8987417;;0;0;1;;10;60;1;gsm;Location;;;"https://maps.google.com/maps?q=14.6434482;-60.8987417";1.8000;ppm;H2S;;;;;;;;;;;;
3588301834;"Unit 3588301834";;"2024-08-16 13:19:04";"2024-08-16 09:19:04";gps;14.6434482;-60.8987417;;0;0;1;;10;60;1;gsm;Location;;;"https://maps.google.com/maps?q=14.6434482;-60.8987417";0.0000;ppm;H2S;;;;;;;;;;;;
3588301834;"Unit 3588301834";;"2024-08-16 12:49:04";"2024-08-16 08:49:04";gps;14.6434482;-60.8987417;;0;0;1;;10;60;1;gsm;Location;;;"https://maps.google.com/maps?q=14.6434482;-60.8987417";0.0000;ppm;H2S;;;;;;;;;;;;
3588301834;"Unit 3588301834";;"2024-08-16 12:19:04";"2024-08-16 08:19:04";gps;14.6434482;-60.8987417;;0;0;1;;10;60;1;gsm;Location;;;"https://maps.google.com/maps?q=14.6434482;-60.8987417";1.3000;ppm;H2S;;;;;;;;;;;;
3588301834;"Unit 3588301834";;"2024-08-16 11:49:04";"2024-08-16 07:49:04";gps;14.6434482;-60.8987417;;0;0;1;;10;60;1;gsm;Location;;;"https://maps.google.com/maps?q=14.6434482;-60.8987417";1.6000;ppm;H2S;;;;;;;;;;;;
3588301834;"Unit 3588301834";;"2024-08-16 11:19:04";"2024-08-16 07:19:04";gps;14.6434482;-60.8987417;;0;0;1;;10;60;1;gsm;Location;;;"https://maps.google.com/maps?q=14.6434482;-60.8987417";0.0000;ppm;H2S;;;;;;;;;;;;
3588301834;"Unit 3588301834";;"2024-08-16 10:49:04";"2024-08-16 06:49:04";gps;14.6434482;-60.8987417;;0;0;1;;10;60;1;gsm;Location;;;"https://maps.google.com/maps?q=14.6434482;-60.8987417";0.0000;ppm;H2S;;;;;;;;;;;;
3588301834;"Unit 3588301834";;"2024-08-16 10:19:04";"2024-08-16 06:19:04";gps;14.6434482;-60.8987417;;0;0;1;;10;60;1;gsm;Location;;;"https://maps.google.com/maps?q=14.6434482;-60.8987417";0.0000;ppm;H2S;;;;;;;;;;;;
3588301834;"Unit 3588301834";;"2024-08-16 09:49:04";"2024-08-16 05:49:04";gps;14.6434482;-60.8987417;;0;0;1;;10;60;1;gsm;Location;;;"https://maps.google.com/maps?q=14.6434482;-60.8987417";0.0000;ppm;H2S;;;;;;;;;;;;
3588301834;"Unit 3588301834";;"2024-08-16 09:19:04";"2024-08-16 05:19:04";gps;14.6434482;-60.8987417;;0;0;1;;10;60;1;gsm;Location;;;"https://maps.google.com/maps?q=14.6434482;-60.8987417";0.0000;ppm;H2S;;;;;;;;;;;;
3588301834;"Unit 3588301834";;"2024-08-16 08:49:04";"2024-08-16 04:49:04";gps;14.6434482;-60.8987417;;0;0;1;;10;60;1;gsm;Location;;;"https://maps.google.com/maps?q=14.6434482;-60.8987417";0.0000;ppm;H2S;;;;;;;;;;;;
3588301834;"Unit 3588301834";;"2024-08-16 08:19:04";"2024-08-16 04:19:04";gps;14.6434482;-60.8987417;;0;0;1;;10;60;1;gsm;Location;;;"https://maps.google.com/maps?q=14.6434482;-60.8987417";0.0000;ppm;H2S;;;;;;;;;;;;
3588301834;"Unit 3588301834";;"2024-08-16 07:49:04";"2024-08-16 03:49:04";gps;14.6434482;-60.8987417;;0;0;1;;10;60;1;gsm;Location;;;"https://maps.google.com/maps?q=14.6434482;-60.8987417";0.7000;ppm;H2S;;;;;;;;;;;;
3588301834;"Unit 3588301834";;"2024-08-16 07:19:04";"2024-08-16 03:19:04";gps;14.6434482;-60.8987417;;0;0;1;;10;60;1;gsm;Location;;;"https://maps.google.com/maps?q=14.6434482;-60.8987417";1.8000;ppm;H2S;;;;;;;;;;;;
3588301834;"Unit 3588301834";;"2024-08-16 06:49:04";"2024-08-16 02:49:04";gps;14.6434482;-60.8987417;;0;0;1;;10;60;1;gsm;Location;;;"https://maps.google.com/maps?q=14.6434482;-60.8987417";1.5000;ppm;H2S;;;;;;;;;;;;
3588301834;"Unit 3588301834";;"2024-08-16 06:19:04";"2024-08-16 02:19:04";gps;14.6434482;-60.8987417;;0;0;1;;10;60;1;gsm;Location;;;"https://maps.google.com/maps?q=14.6434482;-60.8987417";1.7000;ppm;H2S;;;;;;;;;;;;
3588301834;"Unit 3588301834";;"2024-08-16 05:49:04";"2024-08-16 01:49:04";gps;14.6434482;-60.8987417;;0;0;1;;10;60;1;gsm;Location;;;"https://maps.google.com/maps?q=14.6434482;-60.8987417";1.3000;ppm;H2S;;;;;;;;;;;;
3588301834;"Unit 3588301834";;"2024-08-16 05:19:04";"2024-08-16 01:19:04";gps;14.6434482;-60.8987417;;0;0;1;;10;60;1;gsm;Location;;;"https://maps.google.com/maps?q=14.6434482;-60.8987417";1.3000;ppm;H2S;;;;;;;;;;;;
3588301834;"Unit 3588301834";;"2024-08-16 04:49:04";"2024-08-16 00:49:04";gps;14.6434482;-60.8987417;;0;0;1;;10;60;1;gsm;Location;;;"https://maps.google.com/maps?q=14.6434482;-60.8987417";1.4000;ppm;H2S;;;;;;;;;;;;
3588301834;"Unit 3588301834";;"2024-08-16 04:19:04";"2024-08-16 00:19:04";gps;14.6434482;-60.8987417;;0;0;1;;10;60;1;gsm;Location;;;"https://maps.google.com/maps?q=14.6434482;-60.8987417";1.6000;ppm;H2S;;;;;;;;;;;;
3588301834;"Unit 3588301834";;"2024-08-16 03:49:04";"2024-08-15 23:49:04";gps;14.6434482;-60.8987417;;0;0;1;;10;60;1;gsm;Location;;;"https://maps.google.com/maps?q=14.6434482;-60.8987417";1.0000;ppm;H2S;;;;;;;;;;;;
3588301834;"Unit 3588301834";;"2024-08-16 03:19:04";"2024-08-15 23:19:04";gps;14.6434482;-60.8987417;;0;0;1;;10;60;1;gsm;Location;;;"https://maps.google.com/maps?q=14.6434482;-60.8987417";1.2000;ppm;H2S;;;;;;;;;;;;
3588301834;"Unit 3588301834";;"2024-08-16 02:49:04";"2024-08-15 22:49:04";gps;14.6434482;-60.8987417;;0;0;1;;10;60;1;gsm;Location;;;"https://maps.google.com/maps?q=14.6434482;-60.8987417";1.2000;ppm;H2S;;;;;;;;;;;;
3588301834;"Unit 3588301834";;"2024-08-16 02:19:04";"2024-08-15 22:19:04";gps;14.6434482;-60.8987417;;0;0;1;;10;60;1;gsm;Location;;;"https://maps.google.com/maps?q=14.6434482;-60.8987417";1.0000;ppm;H2S;;;;;;;;;;;;
3588301834;"Unit 3588301834";;"2024-08-16 01:49:04";"2024-08-15 21:49:04";gps;14.6434482;-60.8987417;;0;0;1;;10;60;1;gsm;Location;;;"https://maps.google.com/maps?q=14.6434482;-60.8987417";1.0000;ppm;H2S;;;;;;;;;;;;
3588301834;"Unit 3588301834";;"2024-08-16 01:19:04";"2024-08-15 21:19:04";gps;14.6434482;-60.8987417;;0;0;1;;10;60;1;gsm;Location;;;"https://maps.google.com/maps?q=14.6434482;-60.8987417";0.9000;ppm;H2S;;;;;;;;;;;;
3588301834;"Unit 3588301834";;"2024-08-16 00:49:04";"2024-08-15 20:49:04";gps;14.6434482;-60.8987417;;0;0;1;;10;60;1;gsm;Location;;;"https://maps.google.com/maps?q=14.6434482;-60.8987417";1.6000;ppm;H2S;;;;;;;;;;;;
3588301834;"Unit 3588301834";;"2024-08-16 00:19:04";"2024-08-15 20:19:04";gps;14.6434482;-60.8987417;;0;0;1;;10;60;1;gsm;Location;;;"https://maps.google.com/maps?q=14.6434482;-60.8987417";1.3000;ppm;H2S;;;;;;;;;;;;
3588301834;"Unit 3588301834";;"2024-08-16 00:00:59";"2024-08-15 20:00:59";;;;;;;;;;60;7;gsm;"Logged on";;button_shut_off;;;;;;;;;;;;;;;;
3588301834;"Unit 3588301834";;"2024-08-15 23:50:42";"2024-08-15 19:50:42";;;;;;;;;;60;1;gsm;"Logged on";;button_shut_off;;;;;;;;;;;;;;;;
3588301834;"Unit 3588301834";;"2024-08-15 23:49:04";"2024-08-15 19:49:04";gps;14.6434482;-60.8987417;;0;0;1;;10;60;6;gsm;Location;;;"https://maps.google.com/maps?q=14.6434482;-60.8987417";1.0000;ppm;H2S;;;;;;;;;;;;
3588301834;"Unit 3588301834";;"2024-08-15 23:19:04";"2024-08-15 19:19:04";gps;14.6434482;-60.8987417;;0;0;1;;10;60;1;gsm;Location;;;"https://maps.google.com/maps?q=14.6434482;-60.8987417";1.4000;ppm;H2S;;;;;;;;;;;;
3588301834;"Unit 3588301834";;"2024-08-15 22:49:04";"2024-08-15 18:49:04";gps;14.6434482;-60.8987417;;0;0;1;;10;60;1;gsm;Location;;;"https://maps.google.com/maps?q=14.6434482;-60.8987417";0.9000;ppm;H2S;;;;;;;;;;;;
3588301834;"Unit 3588301834";;"2024-08-15 22:19:04";"2024-08-15 18:19:04";gps;14.6434482;-60.8987417;;0;0;1;;10;60;1;gsm;Location;;;"https://maps.google.com/maps?q=14.6434482;-60.8987417";1.0000;ppm;H2S;;;;;;;;;;;;
3588301834;"Unit 3588301834";;"2024-08-15 21:49:04";"2024-08-15 17:49:04";gps;14.6434482;-60.8987417;;0;0;1;;10;60;1;gsm;Location;;;"https://maps.google.com/maps?q=14.6434482;-60.8987417";1.0000;ppm;H2S;;;;;;;;;;;;
3588301834;"Unit 3588301834";;"2024-08-15 21:24:51";"2024-08-15 17:24:51";;;;;;;;;;60;1;gsm;"Logged on";;button_shut_off;;;;;;;;;;;;;;;;
3588301834;"Unit 3588301834";;"2024-08-15 21:19:04";"2024-08-15 17:19:04";gps;14.6434482;-60.8987417;;0;0;1;;10;60;1;gsm;Location;;;"https://maps.google.com/maps?q=14.6434482;-60.8987417";1.4000;ppm;H2S;;;;;;;;;;;;
3588301834;"Unit 3588301834";;"2024-08-15 20:49:04";"2024-08-15 16:49:04";gps;14.6434482;-60.8987417;;0;0;1;;10;60;1;gsm;Location;;;"https://maps.google.com/maps?q=14.6434482;-60.8987417";1.4000;ppm;H2S;;;;;;;;;;;;
3588301834;"Unit 3588301834";;"2024-08-15 20:19:04";"2024-08-15 16:19:04";gps;14.6434482;-60.8987417;;0;0;1;;10;60;1;gsm;Location;;;"https://maps.google.com/maps?q=14.6434482;-60.8987417";1.2000;ppm;H2S;;;;;;;;;;;;
3588301834;"Unit 3588301834";;"2024-08-15 19:49:04";"2024-08-15 15:49:04";gps;14.6434482;-60.8987417;;0;0;1;;10;60;1;gsm;Location;;;"https://maps.google.com/maps?q=14.6434482;-60.8987417";1.2000;ppm;H2S;;;;;;;;;;;;
3588301834;"Unit 3588301834";;"2024-08-15 19:19:04";"2024-08-15 15:19:04";gps;14.6434482;-60.8987417;;0;0;1;;10;60;1;gsm;Location;;;"https://maps.google.com/maps?q=14.6434482;-60.8987417";0.9000;ppm;H2S;;;;;;;;;;;;
3588301834;"Unit 3588301834";;"2024-08-15 18:49:04";"2024-08-15 14:49:04";gps;14.6434482;-60.8987417;;0;0;1;;10;60;1;gsm;Location;;;"https://maps.google.com/maps?q=14.6434482;-60.8987417";1.2000;ppm;H2S;;;;;;;;;;;;
3588301834;"Unit 3588301834";;"2024-08-15 18:19:04";"2024-08-15 14:19:04";gps;14.6434482;-60.8987417;;0;0;1;;10;60;1;gsm;Location;;;"https://maps.google.com/maps?q=14.6434482;-60.8987417";1.2000;ppm;H2S;;;;;;;;;;;;
3588301834;"Unit 3588301834";;"2024-08-15 18:01:11";"2024-08-15 14:01:11";;;;;;;;;;60;1;gsm;"Logged on";;button_shut_off;;;;;;;;;;;;;;;;
3588301834;"Unit 3588301834";;"2024-08-15 17:49:04";"2024-08-15 13:49:04";gps;14.6434482;-60.8987417;;0;0;1;;10;60;1;gsm;Location;;;"https://maps.google.com/maps?q=14.6434482;-60.8987417";1.0000;ppm;H2S;;;;;;;;;;;;
3588301834;"Unit 3588301834";;"2024-08-15 17:19:04";"2024-08-15 13:19:04";gps;14.6434482;-60.8987417;;0;0;1;;10;60;1;gsm;Location;;;"https://maps.google.com/maps?q=14.6434482;-60.8987417";1.3000;ppm;H2S;;;;;;;;;;;;
3588301834;"Unit 3588301834";;"2024-08-15 16:49:04";"2024-08-15 12:49:04";gps;14.6434482;-60.8987417;;0;0;1;;10;60;1;gsm;Location;;;"https://maps.google.com/maps?q=14.6434482;-60.8987417";2.1000;ppm;H2S;;;;;;;;;;;;
3588301834;"Unit 3588301834";;"2024-08-15 16:40:53";"2024-08-15 12:40:53";;;;;;;;;;60;1;gsm;"Logged on";;button_shut_off;;;;;;;;;;;;;;;;
3588301834;"Unit 3588301834";;"2024-08-15 16:19:04";"2024-08-15 12:19:04";gps;14.6434482;-60.8987417;;0;0;1;;10;60;1;gsm;Location;;;"https://maps.google.com/maps?q=14.6434482;-60.8987417";1.2000;ppm;H2S;;;;;;;;;;;;
3588301834;"Unit 3588301834";;"2024-08-15 15:49:04";"2024-08-15 11:49:04";gps;14.6434482;-60.8987417;;0;0;1;;10;60;1;gsm;Location;;;"https://maps.google.com/maps?q=14.6434482;-60.8987417";1.2000;ppm;H2S;;;;;;;;;;;;
3588301834;"Unit 3588301834";;"2024-08-15 15:19:04";"2024-08-15 11:19:04";gps;14.6434482;-60.8987417;;0;0;1;;10;60;1;gsm;Location;;;"https://maps.google.com/maps?q=14.6434482;-60.8987417";0.8000;ppm;H2S;;;;;;;;;;;;
3588301834;"Unit 3588301834";;"2024-08-15 14:49:04";"2024-08-15 10:49:04";gps;14.6434482;-60.8987417;;0;0;1;;10;60;1;gsm;Location;;;"https://maps.google.com/maps?q=14.6434482;-60.8987417";1.1000;ppm;H2S;;;;;;;;;;;;
3588301834;"Unit 3588301834";;"2024-08-15 14:31:42";"2024-08-15 10:31:42";;;;;;;;;;60;1;gsm;"Logged on";;button_shut_off;;;;;;;;;;;;;;;;
3588301834;"Unit 3588301834";;"2024-08-15 14:19:04";"2024-08-15 10:19:04";gps;14.6434482;-60.8987417;;0;0;1;;10;60;1;gsm;Location;;;"https://maps.google.com/maps?q=14.6434482;-60.8987417";1.0000;ppm;H2S;;;;;;;;;;;;
3588301834;"Unit 3588301834";;"2024-08-15 13:49:04";"2024-08-15 09:49:04";gps;14.6434482;-60.8987417;;0;0;1;;10;60;1;gsm;Location;;;"https://maps.google.com/maps?q=14.6434482;-60.8987417";0.9000;ppm;H2S;;;;;;;;;;;;
3588301834;"Unit 3588301834";;"2024-08-15 13:19:04";"2024-08-15 09:19:04";gps;14.6434482;-60.8987417;;0;0;1;;10;60;1;gsm;Location;;;"https://maps.google.com/maps?q=14.6434482;-60.8987417";0.9000;ppm;H2S;;;;;;;;;;;;
3588301834;"Unit 3588301834";;"2024-08-15 12:56:10";"2024-08-15 08:56:10";;;;;;;;;;60;1;gsm;"Logged on";;button_shut_off;;;;;;;;;;;;;;;;
3588301834;"Unit 3588301834";;"2024-08-15 12:53:05";"2024-08-15 08:53:05";;;;;;;;;;60;1;gsm;"Logged on";;button_shut_off;;;;;;;;;;;;;;;;
3588301834;"Unit 3588301834";;"2024-08-15 12:49:04";"2024-08-15 08:49:04";gps;14.6434482;-60.8987417;;0;0;1;;10;60;1;gsm;Location;;;"https://maps.google.com/maps?q=14.6434482;-60.8987417";0.9000;ppm;H2S;;;;;;;;;;;;
3588301834;"Unit 3588301834";;"2024-08-15 12:46:11";"2024-08-15 08:46:11";;;;;;;;;;60;1;gsm;"Logged on";;button_shut_off;;;;;;;;;;;;;;;;
3588301834;"Unit 3588301834";;"2024-08-15 12:42:36";"2024-08-15 08:42:36";;;;;;;;;;60;1;gsm;"Logged on";;button_shut_off;;;;;;;;;;;;;;;;
3588301834;"Unit 3588301834";;"2024-08-15 12:41:34";"2024-08-15 08:41:34";;;;;;;;;;60;1;gsm;"Logged on";;button_shut_off;;;;;;;;;;;;;;;;
3588301834;"Unit 3588301834";;"2024-08-15 12:19:04";"2024-08-15 08:19:04";gps;14.6434482;-60.8987417;;0;0;1;;10;60;1;gsm;Location;;;"https://maps.google.com/maps?q=14.6434482;-60.8987417";1.2000;ppm;H2S;;;;;;;;;;;;
3588301834;"Unit 3588301834";;"2024-08-15 11:49:04";"2024-08-15 07:49:04";gps;14.6434482;-60.8987417;;0;0;1;;10;60;1;gsm;Location;;;"https://maps.google.com/maps?q=14.6434482;-60.8987417";0.9000;ppm;H2S;;;;;;;;;;;;
3588301834;"Unit 3588301834";;"2024-08-15 11:19:04";"2024-08-15 07:19:04";gps;14.6434482;-60.8987417;;0;0;1;;10;60;1;gsm;Location;;;"https://maps.google.com/maps?q=14.6434482;-60.8987417";0.9000;ppm;H2S;;;;;;;;;;;;
3588301834;"Unit 3588301834";;"2024-08-15 10:49:04";"2024-08-15 06:49:04";gps;14.6434482;-60.8987417;;0;0;1;;10;60;1;gsm;Location;;;"https://maps.google.com/maps?q=14.6434482;-60.8987417";1.0000;ppm;H2S;;;;;;;;;;;;
3588301834;"Unit 3588301834";;"2024-08-15 10:19:04";"2024-08-15 06:19:04";gps;14.6434482;-60.8987417;;0;0;1;;10;60;1;gsm;Location;;;"https://maps.google.com/maps?q=14.6434482;-60.8987417";1.3000;ppm;H2S;;;;;;;;;;;;
3588301834;"Unit 3588301834";;"2024-08-15 09:49:04";"2024-08-15 05:49:04";gps;14.6434482;-60.8987417;;0;0;1;;10;60;1;gsm;Location;;;"https://maps.google.com/maps?q=14.6434482;-60.8987417";0.9000;ppm;H2S;;;;;;;;;;;;
3588301834;"Unit 3588301834";;"2024-08-15 09:19:04";"2024-08-15 05:19:04";gps;14.6434482;-60.8987417;;0;0;1;;10;60;1;gsm;Location;;;"https://maps.google.com/maps?q=14.6434482;-60.8987417";1.4000;ppm;H2S;;;;;;;;;;;;
3588301834;"Unit 3588301834";;"2024-08-15 08:49:04";"2024-08-15 04:49:04";gps;14.6434482;-60.8987417;;0;0;1;;10;60;1;gsm;Location;;;"https://maps.google.com/maps?q=14.6434482;-60.8987417";1.1000;ppm;H2S;;;;;;;;;;;;
3588301834;"Unit 3588301834";;"2024-08-15 08:19:04";"2024-08-15 04:19:04";gps;14.6434482;-60.8987417;;0;0;1;;10;60;1;gsm;Location;;;"https://maps.google.com/maps?q=14.6434482;-60.8987417";1.6000;ppm;H2S;;;;;;;;;;;;
3588301834;"Unit 3588301834";;"2024-08-15 07:49:04";"2024-08-15 03:49:04";gps;14.6434482;-60.8987417;;0;0;1;;10;60;1;gsm;Location;;;"https://maps.google.com/maps?q=14.6434482;-60.8987417";1.2000;ppm;H2S;;;;;;;;;;;;
3588301834;"Unit 3588301834";;"2024-08-15 07:19:04";"2024-08-15 03:19:04";gps;14.6434482;-60.8987417;;0;0;1;;10;60;1;gsm;Location;;;"https://maps.google.com/maps?q=14.6434482;-60.8987417";1.1000;ppm;H2S;;;;;;;;;;;;
3588301834;"Unit 3588301834";;"2024-08-15 06:49:04";"2024-08-15 02:49:04";gps;14.6434482;-60.8987417;;0;0;1;;10;60;1;gsm;Location;;;"https://maps.google.com/maps?q=14.6434482;-60.8987417";0.8000;ppm;H2S;;;;;;;;;;;;
3588301834;"Unit 3588301834";;"2024-08-15 06:19:04";"2024-08-15 02:19:04";gps;14.6434482;-60.8987417;;0;0;1;;10;60;1;gsm;Location;;;"https://maps.google.com/maps?q=14.6434482;-60.8987417";0.9000;ppm;H2S;;;;;;;;;;;;
3588301834;"Unit 3588301834";;"2024-08-15 05:54:41";"2024-08-15 01:54:41";;;;;;;;;;60;6;gsm;"Logged on";;button_shut_off;;;;;;;;;;;;;;;;
3588301834;"Unit 3588301834";;"2024-08-15 05:49:04";"2024-08-15 01:49:04";gps;14.6434482;-60.8987417;;0;0;1;;10;60;1;gsm;Location;;;"https://maps.google.com/maps?q=14.6434482;-60.8987417";1.0000;ppm;H2S;;;;;;;;;;;;
3588301834;"Unit 3588301834";;"2024-08-15 05:19:04";"2024-08-15 01:19:04";gps;14.6434482;-60.8987417;;0;0;1;;10;60;1;gsm;Location;;;"https://maps.google.com/maps?q=14.6434482;-60.8987417";0.9000;ppm;H2S;;;;;;;;;;;;
3588301834;"Unit 3588301834";;"2024-08-15 04:49:04";"2024-08-15 00:49:04";gps;14.6434482;-60.8987417;;0;0;1;;10;60;1;gsm;Location;;;"https://maps.google.com/maps?q=14.6434482;-60.8987417";0.8000;ppm;H2S;;;;;;;;;;;;
3588301834;"Unit 3588301834";;"2024-08-15 04:19:04";"2024-08-15 00:19:04";gps;14.6434482;-60.8987417;;0;0;1;;10;60;1;gsm;Location;;;"https://maps.google.com/maps?q=14.6434482;-60.8987417";1.0000;ppm;H2S;;;;;;;;;;;;
3588301834;"Unit 3588301834";;"2024-08-15 03:49:04";"2024-08-14 23:49:04";gps;14.6434482;-60.8987417;;0;0;1;;10;60;1;gsm;Location;;;"https://maps.google.com/maps?q=14.6434482;-60.8987417";0.8000;ppm;H2S;;;;;;;;;;;;
3588301834;"Unit 3588301834";;"2024-08-15 03:19:04";"2024-08-14 23:19:04";gps;14.6434482;-60.8987417;;0;0;1;;10;60;1;gsm;Location;;;"https://maps.google.com/maps?q=14.6434482;-60.8987417";0.8000;ppm;H2S;;;;;;;;;;;;
3588301834;"Unit 3588301834";;"2024-08-15 02:49:04";"2024-08-14 22:49:04";gps;14.6434482;-60.8987417;;0;0;1;;10;60;1;gsm;Location;;;"https://maps.google.com/maps?q=14.6434482;-60.8987417";0.7000;ppm;H2S;;;;;;;;;;;;
3588301834;"Unit 3588301834";;"2024-08-15 02:19:04";"2024-08-14 22:19:04";gps;14.6434482;-60.8987417;;0;0;1;;10;60;1;gsm;Location;;;"https://maps.google.com/maps?q=14.6434482;-60.8987417";0.7000;ppm;H2S;;;;;;;;;;;;
3588301834;"Unit 3588301834";;"2024-08-15 01:49:04";"2024-08-14 21:49:04";gps;14.6434482;-60.8987417;;0;0;1;;10;60;1;gsm;Location;;;"https://maps.google.com/maps?q=14.6434482;-60.8987417";0.6000;ppm;H2S;;;;;;;;;;;;
3588301834;"Unit 3588301834";;"2024-08-15 01:19:04";"2024-08-14 21:19:04";gps;14.6434482;-60.8987417;;0;0;1;;10;60;1;gsm;Location;;;"https://maps.google.com/maps?q=14.6434482;-60.8987417";0.6000;ppm;H2S;;;;;;;;;;;;
3588301834;"Unit 3588301834";;"2024-08-15 00:49:04";"2024-08-14 20:49:04";gps;14.6434482;-60.8987417;;0;0;1;;10;60;1;gsm;Location;;;"https://maps.google.com/maps?q=14.6434482;-60.8987417";0.8000;ppm;H2S;;;;;;;;;;;;
3588301834;"Unit 3588301834";;"2024-08-15 00:19:04";"2024-08-14 20:19:04";gps;14.6434482;-60.8987417;;0;0;1;;10;60;1;gsm;Location;;;"https://maps.google.com/maps?q=14.6434482;-60.8987417";0.8000;ppm;H2S;;;;;;;;;;;;
3588301834;"Unit 3588301834";;"2024-08-14 23:49:04";"2024-08-14 19:49:04";gps;14.6434482;-60.8987417;;0;0;1;;10;60;1;gsm;Location;;;"https://maps.google.com/maps?q=14.6434482;-60.8987417";0.8000;ppm;H2S;;;;;;;;;;;;
3588301834;"Unit 3588301834";;"2024-08-14 23:19:04";"2024-08-14 19:19:04";gps;14.6434482;-60.8987417;;0;0;1;;10;60;1;gsm;Location;;;"https://maps.google.com/maps?q=14.6434482;-60.8987417";0.8000;ppm;H2S;;;;;;;;;;;;
3588301834;"Unit 3588301834";;"2024-08-14 22:49:04";"2024-08-14 18:49:04";gps;14.6434482;-60.8987417;;0;0;1;;10;60;1;gsm;Location;;;"https://maps.google.com/maps?q=14.6434482;-60.8987417";0.7000;ppm;H2S;;;;;;;;;;;;
3588301834;"Unit 3588301834";;"2024-08-14 22:19:04";"2024-08-14 18:19:04";gps;14.6434482;-60.8987417;;0;0;1;;10;60;1;gsm;Location;;;"https://maps.google.com/maps?q=14.6434482;-60.8987417";1.0000;ppm;H2S;;;;;;;;;;;;
3588301834;"Unit 3588301834";;"2024-08-14 21:49:04";"2024-08-14 17:49:04";gps;14.6434482;-60.8987417;;0;0;1;;10;60;1;gsm;Location;;;"https://maps.google.com/maps?q=14.6434482;-60.8987417";0.7000;ppm;H2S;;;;;;;;;;;;
3588301834;"Unit 3588301834";;"2024-08-14 21:19:04";"2024-08-14 17:19:04";gps;14.6434482;-60.8987417;;0;0;1;;10;60;1;gsm;Location;;;"https://maps.google.com/maps?q=14.6434482;-60.8987417";1.3000;ppm;H2S;;;;;;;;;;;;
3588301834;"Unit 3588301834";;"2024-08-14 20:49:04";"2024-08-14 16:49:04";gps;14.6434482;-60.8987417;;0;0;1;;10;60;1;gsm;Location;;;"https://maps.google.com/maps?q=14.6434482;-60.8987417";1.1000;ppm;H2S;;;;;;;;;;;;
3588301834;"Unit 3588301834";;"2024-08-14 20:19:04";"2024-08-14 16:19:04";gps;14.6434482;-60.8987417;;0;0;1;;10;60;1;gsm;Location;;;"https://maps.google.com/maps?q=14.6434482;-60.8987417";1.0000;ppm;H2S;;;;;;;;;;;;
3588301834;"Unit 3588301834";;"2024-08-14 19:49:04";"2024-08-14 15:49:04";gps;14.6434482;-60.8987417;;0;0;1;;10;60;1;gsm;Location;;;"https://maps.google.com/maps?q=14.6434482;-60.8987417";0.7000;ppm;H2S;;;;;;;;;;;;
3588301834;"Unit 3588301834";;"2024-08-14 19:19:04";"2024-08-14 15:19:04";gps;14.6434482;-60.8987417;;0;0;1;;10;60;1;gsm;Location;;;"https://maps.google.com/maps?q=14.6434482;-60.8987417";1.0000;ppm;H2S;;;;;;;;;;;;
3588301834;"Unit 3588301834";;"2024-08-14 19:02:30";"2024-08-14 15:02:30";;;;;;;;;;60;1;gsm;"Logged on";;button_shut_off;;;;;;;;;;;;;;;;
3588301834;"Unit 3588301834";;"2024-08-14 18:49:04";"2024-08-14 14:49:04";gps;14.6434482;-60.8987417;;0;0;1;;10;60;8;gsm;Location;;;"https://maps.google.com/maps?q=14.6434482;-60.8987417";0.7000;ppm;H2S;;;;;;;;;;;;
3588301834;"Unit 3588301834";;"2024-08-14 18:19:04";"2024-08-14 14:19:04";gps;14.6434482;-60.8987417;;0;0;1;;10;60;1;gsm;Location;;;"https://maps.google.com/maps?q=14.6434482;-60.8987417";0.5000;ppm;H2S;;;;;;;;;;;;
3588301834;"Unit 3588301834";;"2024-08-14 17:49:04";"2024-08-14 13:49:04";gps;14.6434482;-60.8987417;;0;0;1;;10;60;1;gsm;Location;;;"https://maps.google.com/maps?q=14.6434482;-60.8987417";0.0000;ppm;H2S;;;;;;;;;;;;
3588301834;"Unit 3588301834";;"2024-08-14 17:19:04";"2024-08-14 13:19:04";gps;14.6434482;-60.8987417;;0;0;1;;10;60;1;gsm;Location;;;"https://maps.google.com/maps?q=14.6434482;-60.8987417";0.0000;ppm;H2S;;;;;;;;;;;;
3588301834;"Unit 3588301834";;"2024-08-14 16:49:04";"2024-08-14 12:49:04";gps;14.6434482;-60.8987417;;0;0;1;;10;60;1;gsm;Location;;;"https://maps.google.com/maps?q=14.6434482;-60.8987417";0.0000;ppm;H2S;;;;;;;;;;;;
3588301834;"Unit 3588301834";;"2024-08-14 16:19:04";"2024-08-14 12:19:04";gps;14.6434482;-60.8987417;;0;0;1;;10;60;1;gsm;Location;;;"https://maps.google.com/maps?q=14.6434482;-60.8987417";0.0000;ppm;H2S;;;;;;;;;;;;
3588301834;"Unit 3588301834";;"2024-08-14 15:49:04";"2024-08-14 11:49:04";gps;14.6434482;-60.8987417;;0;0;1;;10;60;1;gsm;Location;;;"https://maps.google.com/maps?q=14.6434482;-60.8987417";0.5000;ppm;H2S;;;;;;;;;;;;
3588301834;"Unit 3588301834";;"2024-08-14 15:19:04";"2024-08-14 11:19:04";gps;14.6434482;-60.8987417;;0;0;1;;10;60;1;gsm;Location;;;"https://maps.google.com/maps?q=14.6434482;-60.8987417";0.0000;ppm;H2S;;;;;;;;;;;;
3588301834;"Unit 3588301834";;"2024-08-14 14:49:04";"2024-08-14 10:49:04";gps;14.6434482;-60.8987417;;0;0;1;;10;60;1;gsm;Location;;;"https://maps.google.com/maps?q=14.6434482;-60.8987417";0.0000;ppm;H2S;;;;;;;;;;;;
3588301834;"Unit 3588301834";;"2024-08-14 14:19:04";"2024-08-14 10:19:04";gps;14.6434482;-60.8987417;;0;0;1;;10;60;1;gsm;Location;;;"https://maps.google.com/maps?q=14.6434482;-60.8987417";0.5000;ppm;H2S;;;;;;;;;;;;
3588301834;"Unit 3588301834";;"2024-08-14 13:49:04";"2024-08-14 09:49:04";gps;14.6434482;-60.8987417;;0;0;1;;10;60;1;gsm;Location;;;"https://maps.google.com/maps?q=14.6434482;-60.8987417";0.6000;ppm;H2S;;;;;;;;;;;;
3588301834;"Unit 3588301834";;"2024-08-14 13:19:04";"2024-08-14 09:19:04";gps;14.6434482;-60.8987417;;0;0;1;;10;60;1;gsm;Location;;;"https://maps.google.com/maps?q=14.6434482;-60.8987417";0.0000;ppm;H2S;;;;;;;;;;;;
3588301834;"Unit 3588301834";;"2024-08-14 12:49:04";"2024-08-14 08:49:04";gps;14.6434482;-60.8987417;;0;0;1;;10;60;1;gsm;Location;;;"https://maps.google.com/maps?q=14.6434482;-60.8987417";0.0000;ppm;H2S;;;;;;;;;;;;
3588301834;"Unit 3588301834";;"2024-08-14 12:19:04";"2024-08-14 08:19:04";gps;14.6434482;-60.8987417;;0;0;1;;10;60;1;gsm;Location;;;"https://maps.google.com/maps?q=14.6434482;-60.8987417";0.0000;ppm;H2S;;;;;;;;;;;;
3588301834;"Unit 3588301834";;"2024-08-14 11:49:04";"2024-08-14 07:49:04";gps;14.6434482;-60.8987417;;0;0;1;;10;60;1;gsm;Location;;;"https://maps.google.com/maps?q=14.6434482;-60.8987417";0.0000;ppm;H2S;;;;;;;;;;;;
3588301834;"Unit 3588301834";;"2024-08-14 11:19:04";"2024-08-14 07:19:04";gps;14.6434482;-60.8987417;;0;0;1;;10;60;1;gsm;Location;;;"https://maps.google.com/maps?q=14.6434482;-60.8987417";0.0000;ppm;H2S;;;;;;;;;;;;
3588301834;"Unit 3588301834";;"2024-08-14 10:49:04";"2024-08-14 06:49:04";gps;14.6434482;-60.8987417;;0;0;1;;10;60;1;gsm;Location;;;"https://maps.google.com/maps?q=14.6434482;-60.8987417";0.0000;ppm;H2S;;;;;;;;;;;;
3588301834;"Unit 3588301834";;"2024-08-14 10:19:04";"2024-08-14 06:19:04";gps;14.6434482;-60.8987417;;0;0;1;;10;60;1;gsm;Location;;;"https://maps.google.com/maps?q=14.6434482;-60.8987417";0.0000;ppm;H2S;;;;;;;;;;;;
3588301834;"Unit 3588301834";;"2024-08-14 09:49:04";"2024-08-14 05:49:04";gps;14.6434482;-60.8987417;;0;0;1;;10;60;1;gsm;Location;;;"https://maps.google.com/maps?q=14.6434482;-60.8987417";0.0000;ppm;H2S;;;;;;;;;;;;
3588301834;"Unit 3588301834";;"2024-08-14 09:19:04";"2024-08-14 05:19:04";gps;14.6434482;-60.8987417;;0;0;1;;10;60;1;gsm;Location;;;"https://maps.google.com/maps?q=14.6434482;-60.8987417";0.0000;ppm;H2S;;;;;;;;;;;;
3588301834;"Unit 3588301834";;"2024-08-14 08:49:04";"2024-08-14 04:49:04";gps;14.6434482;-60.8987417;;0;0;1;;10;60;1;gsm;Location;;;"https://maps.google.com/maps?q=14.6434482;-60.8987417";0.0000;ppm;H2S;;;;;;;;;;;;
3588301834;"Unit 3588301834";;"2024-08-14 08:24:04";"2024-08-14 04:24:04";;;;;;;;;;60;1;gsm;"Logged on";;button_shut_off;;;;;;;;;;;;;;;;
3588301834;"Unit 3588301834";;"2024-08-14 08:19:04";"2024-08-14 04:19:04";gps;14.6434482;-60.8987417;;0;0;1;;10;60;1;gsm;Location;;;"https://maps.google.com/maps?q=14.6434482;-60.8987417";0.0000;ppm;H2S;;;;;;;;;;;;
3588301834;"Unit 3588301834";;"2024-08-14 07:49:04";"2024-08-14 03:49:04";gps;14.6434482;-60.8987417;;0;0;1;;10;60;1;gsm;Location;;;"https://maps.google.com/maps?q=14.6434482;-60.8987417";0.0000;ppm;H2S;;;;;;;;;;;;
3588301834;"Unit 3588301834";;"2024-08-14 07:19:04";"2024-08-14 03:19:04";gps;14.6434482;-60.8987417;;0;0;1;;10;60;1;gsm;Location;;;"https://maps.google.com/maps?q=14.6434482;-60.8987417";0.0000;ppm;H2S;;;;;;;;;;;;
3588301834;"Unit 3588301834";;"2024-08-14 06:49:04";"2024-08-14 02:49:04";gps;14.6434482;-60.8987417;;0;0;1;;10;60;1;gsm;Location;;;"https://maps.google.com/maps?q=14.6434482;-60.8987417";0.0000;ppm;H2S;;;;;;;;;;;;
3588301834;"Unit 3588301834";;"2024-08-14 06:19:04";"2024-08-14 02:19:04";gps;14.6434482;-60.8987417;;0;0;1;;10;60;1;gsm;Location;;;"https://maps.google.com/maps?q=14.6434482;-60.8987417";0.0000;ppm;H2S;;;;;;;;;;;;
3588301834;"Unit 3588301834";;"2024-08-14 05:49:04";"2024-08-14 01:49:04";gps;14.6434482;-60.8987417;;0;0;1;;10;60;1;gsm;Location;;;"https://maps.google.com/maps?q=14.6434482;-60.8987417";0.0000;ppm;H2S;;;;;;;;;;;;
3588301834;"Unit 3588301834";;"2024-08-14 05:19:04";"2024-08-14 01:19:04";gps;14.6434482;-60.8987417;;0;0;1;;10;60;1;gsm;Location;;;"https://maps.google.com/maps?q=14.6434482;-60.8987417";0.0000;ppm;H2S;;;;;;;;;;;;
3588301834;"Unit 3588301834";;"2024-08-14 04:49:04";"2024-08-14 00:49:04";gps;14.6434482;-60.8987417;;0;0;1;;10;60;1;gsm;Location;;;"https://maps.google.com/maps?q=14.6434482;-60.8987417";0.0000;ppm;H2S;;;;;;;;;;;;
3588301834;"Unit 3588301834";;"2024-08-14 04:19:04";"2024-08-14 00:19:04";gps;14.6434482;-60.8987417;;0;0;1;;10;60;1;gsm;Location;;;"https://maps.google.com/maps?q=14.6434482;-60.8987417";0.0000;ppm;H2S;;;;;;;;;;;;
3588301834;"Unit 3588301834";;"2024-08-14 03:49:04";"2024-08-13 23:49:04";gps;14.6434482;-60.8987417;;0;0;1;;10;60;1;gsm;Location;;;"https://maps.google.com/maps?q=14.6434482;-60.8987417";0.0000;ppm;H2S;;;;;;;;;;;;
3588301834;"Unit 3588301834";;"2024-08-14 03:19:04";"2024-08-13 23:19:04";gps;14.6434482;-60.8987417;;0;0;1;;10;60;1;gsm;Location;;;"https://maps.google.com/maps?q=14.6434482;-60.8987417";0.0000;ppm;H2S;;;;;;;;;;;;
3588301834;"Unit 3588301834";;"2024-08-14 02:49:04";"2024-08-13 22:49:04";gps;14.6434482;-60.8987417;;0;0;1;;10;60;1;gsm;Location;;;"https://maps.google.com/maps?q=14.6434482;-60.8987417";0.0000;ppm;H2S;;;;;;;;;;;;
3588301834;"Unit 3588301834";;"2024-08-14 02:19:04";"2024-08-13 22:19:04";gps;14.6434482;-60.8987417;;0;0;1;;10;60;1;gsm;Location;;;"https://maps.google.com/maps?q=14.6434482;-60.8987417";0.0000;ppm;H2S;;;;;;;;;;;;
3588301834;"Unit 3588301834";;"2024-08-14 01:49:04";"2024-08-13 21:49:04";gps;14.6434482;-60.8987417;;0;0;1;;10;60;1;gsm;Location;;;"https://maps.google.com/maps?q=14.6434482;-60.8987417";0.0000;ppm;H2S;;;;;;;;;;;;
3588301834;"Unit 3588301834";;"2024-08-14 01:19:04";"2024-08-13 21:19:04";gps;14.6434482;-60.8987417;;0;0;1;;10;60;1;gsm;Location;;;"https://maps.google.com/maps?q=14.6434482;-60.8987417";0.0000;ppm;H2S;;;;;;;;;;;;
3588301834;"Unit 3588301834";;"2024-08-14 00:49:04";"2024-08-13 20:49:04";gps;14.6434482;-60.8987417;;0;0;1;;10;60;1;gsm;Location;;;"https://maps.google.com/maps?q=14.6434482;-60.8987417";0.0000;ppm;H2S;;;;;;;;;;;;
3588301834;"Unit 3588301834";;"2024-08-14 00:19:04";"2024-08-13 20:19:04";gps;14.6434482;-60.8987417;;0;0;1;;10;60;1;gsm;Location;;;"https://maps.google.com/maps?q=14.6434482;-60.8987417";0.0000;ppm;H2S;;;;;;;;;;;;
3588301834;"Unit 3588301834";;"2024-08-13 23:49:04";"2024-08-13 19:49:04";gps;14.6434482;-60.8987417;;0;0;1;;10;60;1;gsm;Location;;;"https://maps.google.com/maps?q=14.6434482;-60.8987417";0.0000;ppm;H2S;;;;;;;;;;;;
3588301834;"Unit 3588301834";;"2024-08-13 23:19:04";"2024-08-13 19:19:04";gps;14.6434482;-60.8987417;;0;0;1;;10;60;1;gsm;Location;;;"https://maps.google.com/maps?q=14.6434482;-60.8987417";0.0000;ppm;H2S;;;;;;;;;;;;
3588301834;"Unit 3588301834";;"2024-08-13 22:49:04";"2024-08-13 18:49:04";gps;14.6434482;-60.8987417;;0;0;1;;10;60;1;gsm;Location;;;"https://maps.google.com/maps?q=14.6434482;-60.8987417";0.0000;ppm;H2S;;;;;;;;;;;;
3588301834;"Unit 3588301834";;"2024-08-13 22:19:04";"2024-08-13 18:19:04";gps;14.6434482;-60.8987417;;0;0;1;;10;60;1;gsm;Location;;;"https://maps.google.com/maps?q=14.6434482;-60.8987417";0.0000;ppm;H2S;;;;;;;;;;;;
3588301834;"Unit 3588301834";;"2024-08-13 21:49:04";"2024-08-13 17:49:04";gps;14.6434482;-60.8987417;;0;0;1;;10;60;1;gsm;Location;;;"https://maps.google.com/maps?q=14.6434482;-60.8987417";0.0000;ppm;H2S;;;;;;;;;;;;
3588301834;"Unit 3588301834";;"2024-08-13 21:19:04";"2024-08-13 17:19:04";gps;14.6434482;-60.8987417;;0;0;1;;10;60;1;gsm;Location;;;"https://maps.google.com/maps?q=14.6434482;-60.8987417";0.0000;ppm;H2S;;;;;;;;;;;;
3588301834;"Unit 3588301834";;"2024-08-13 20:49:04";"2024-08-13 16:49:04";gps;14.6434482;-60.8987417;;0;0;1;;10;60;1;gsm;Location;;;"https://maps.google.com/maps?q=14.6434482;-60.8987417";0.0000;ppm;H2S;;;;;;;;;;;;
3588301834;"Unit 3588301834";;"2024-08-13 20:19:04";"2024-08-13 16:19:04";gps;14.6434482;-60.8987417;;0;0;1;;10;60;1;gsm;Location;;;"https://maps.google.com/maps?q=14.6434482;-60.8987417";0.0000;ppm;H2S;;;;;;;;;;;;
3588301834;"Unit 3588301834";;"2024-08-13 19:49:04";"2024-08-13 15:49:04";gps;14.6434482;-60.8987417;;0;0;1;;10;60;1;gsm;Location;;;"https://maps.google.com/maps?q=14.6434482;-60.8987417";0.0000;ppm;H2S;;;;;;;;;;;;
3588301834;"Unit 3588301834";;"2024-08-13 19:19:04";"2024-08-13 15:19:04";gps;14.6434482;-60.8987417;;0;0;1;;10;60;1;gsm;Location;;;"https://maps.google.com/maps?q=14.6434482;-60.8987417";0.0000;ppm;H2S;;;;;;;;;;;;
3588301834;"Unit 3588301834";;"2024-08-13 18:49:04";"2024-08-13 14:49:04";gps;14.6434482;-60.8987417;;0;0;1;;10;60;1;gsm;Location;;;"https://maps.google.com/maps?q=14.6434482;-60.8987417";0.0000;ppm;H2S;;;;;;;;;;;;
3588301834;"Unit 3588301834";;"2024-08-13 18:19:04";"2024-08-13 14:19:04";gps;14.6434482;-60.8987417;;0;0;1;;10;60;1;gsm;Location;;;"https://maps.google.com/maps?q=14.6434482;-60.8987417";0.0000;ppm;H2S;;;;;;;;;;;;
3588301834;"Unit 3588301834";;"2024-08-13 17:49:04";"2024-08-13 13:49:04";gps;14.6434482;-60.8987417;;0;0;1;;10;60;1;gsm;Location;;;"https://maps.google.com/maps?q=14.6434482;-60.8987417";0.0000;ppm;H2S;;;;;;;;;;;;
3588301834;"Unit 3588301834";;"2024-08-13 17:19:04";"2024-08-13 13:19:04";gps;14.6434482;-60.8987417;;0;0;1;;10;60;1;gsm;Location;;;"https://maps.google.com/maps?q=14.6434482;-60.8987417";0.0000;ppm;H2S;;;;;;;;;;;;
3588301834;"Unit 3588301834";;"2024-08-13 16:49:04";"2024-08-13 12:49:04";gps;14.6434482;-60.8987417;;0;0;1;;10;60;1;gsm;Location;;;"https://maps.google.com/maps?q=14.6434482;-60.8987417";0.0000;ppm;H2S;;;;;;;;;;;;
3588301834;"Unit 3588301834";;"2024-08-13 16:19:04";"2024-08-13 12:19:04";gps;14.6434482;-60.8987417;;0;0;1;;10;60;1;gsm;Location;;;"https://maps.google.com/maps?q=14.6434482;-60.8987417";0.0000;ppm;H2S;;;;;;;;;;;;
3588301834;"Unit 3588301834";;"2024-08-13 15:49:04";"2024-08-13 11:49:04";gps;14.6434482;-60.8987417;;0;0;1;;10;60;1;gsm;Location;;;"https://maps.google.com/maps?q=14.6434482;-60.8987417";0.0000;ppm;H2S;;;;;;;;;;;;
3588301834;"Unit 3588301834";;"2024-08-13 15:19:04";"2024-08-13 11:19:04";gps;14.6434482;-60.8987417;;0;0;1;;10;60;1;gsm;Location;;;"https://maps.google.com/maps?q=14.6434482;-60.8987417";0.0000;ppm;H2S;;;;;;;;;;;;
3588301834;"Unit 3588301834";;"2024-08-13 14:49:04";"2024-08-13 10:49:04";gps;14.6434482;-60.8987417;;0;0;1;;10;60;1;gsm;Location;;;"https://maps.google.com/maps?q=14.6434482;-60.8987417";0.0000;ppm;H2S;;;;;;;;;;;;
3588301834;"Unit 3588301834";;"2024-08-13 14:19:04";"2024-08-13 10:19:04";gps;14.6434482;-60.8987417;;0;0;1;;10;60;1;gsm;Location;;;"https://maps.google.com/maps?q=14.6434482;-60.8987417";0.0000;ppm;H2S;;;;;;;;;;;;
3588301834;"Unit 3588301834";;"2024-08-13 13:49:04";"2024-08-13 09:49:04";gps;14.6434482;-60.8987417;;0;0;1;;10;60;1;gsm;Location;;;"https://maps.google.com/maps?q=14.6434482;-60.8987417";0.0000;ppm;H2S;;;;;;;;;;;;
3588301834;"Unit 3588301834";;"2024-08-13 13:19:04";"2024-08-13 09:19:04";gps;14.6434482;-60.8987417;;0;0;1;;10;60;1;gsm;Location;;;"https://maps.google.com/maps?q=14.6434482;-60.8987417";0.0000;ppm;H2S;;;;;;;;;;;;
3588301834;"Unit 3588301834";;"2024-08-13 12:49:04";"2024-08-13 08:49:04";gps;14.6434482;-60.8987417;;0;0;1;;10;60;1;gsm;Location;;;"https://maps.google.com/maps?q=14.6434482;-60.8987417";0.0000;ppm;H2S;;;;;;;;;;;;
3588301834;"Unit 3588301834";;"2024-08-13 12:19:04";"2024-08-13 08:19:04";gps;14.6434482;-60.8987417;;0;0;1;;10;60;1;gsm;Location;;;"https://maps.google.com/maps?q=14.6434482;-60.8987417";0.0000;ppm;H2S;;;;;;;;;;;;
3588301834;"Unit 3588301834";;"2024-08-13 11:53:56";"2024-08-13 07:53:56";;;;;;;;;;60;1;gsm;"Logged on";;button_shut_off;;;;;;;;;;;;;;;;
3588301834;"Unit 3588301834";;"2024-08-13 11:49:04";"2024-08-13 07:49:04";gps;14.6434482;-60.8987417;;0;0;1;;10;60;2;gsm;Location;;;"https://maps.google.com/maps?q=14.6434482;-60.8987417";0.0000;ppm;H2S;;;;;;;;;;;;
3588301834;"Unit 3588301834";;"2024-08-13 11:19:04";"2024-08-13 07:19:04";gps;14.6434482;-60.8987417;;0;0;1;;10;60;1;gsm;Location;;;"https://maps.google.com/maps?q=14.6434482;-60.8987417";0.0000;ppm;H2S;;;;;;;;;;;;
3588301834;"Unit 3588301834";;"2024-08-13 10:49:04";"2024-08-13 06:49:04";gps;14.6434482;-60.8987417;;0;0;1;;10;60;1;gsm;Location;;;"https://maps.google.com/maps?q=14.6434482;-60.8987417";0.0000;ppm;H2S;;;;;;;;;;;;
3588301834;"Unit 3588301834";;"2024-08-13 10:19:04";"2024-08-13 06:19:04";gps;14.6434482;-60.8987417;;0;0;1;;10;60;1;gsm;Location;;;"https://maps.google.com/maps?q=14.6434482;-60.8987417";0.0000;ppm;H2S;;;;;;;;;;;;
3588301834;"Unit 3588301834";;"2024-08-13 09:49:04";"2024-08-13 05:49:04";gps;14.6434482;-60.8987417;;0;0;1;;10;60;1;gsm;Location;;;"https://maps.google.com/maps?q=14.6434482;-60.8987417";0.0000;ppm;H2S;;;;;;;;;;;;
3588301834;"Unit 3588301834";;"2024-08-13 09:19:04";"2024-08-13 05:19:04";gps;14.6434482;-60.8987417;;0;0;1;;10;60;1;gsm;Location;;;"https://maps.google.com/maps?q=14.6434482;-60.8987417";0.0000;ppm;H2S;;;;;;;;;;;;
3588301834;"Unit 3588301834";;"2024-08-13 08:49:04";"2024-08-13 04:49:04";gps;14.6434482;-60.8987417;;0;0;1;;10;60;1;gsm;Location;;;"https://maps.google.com/maps?q=14.6434482;-60.8987417";0.0000;ppm;H2S;;;;;;;;;;;;
3588301834;"Unit 3588301834";;"2024-08-13 08:19:04";"2024-08-13 04:19:04";gps;14.6434482;-60.8987417;;0;0;1;;10;60;1;gsm;Location;;;"https://maps.google.com/maps?q=14.6434482;-60.8987417";0.0000;ppm;H2S;;;;;;;;;;;;
3588301834;"Unit 3588301834";;"2024-08-13 07:49:04";"2024-08-13 03:49:04";gps;14.6434482;-60.8987417;;0;0;1;;10;60;1;gsm;Location;;;"https://maps.google.com/maps?q=14.6434482;-60.8987417";0.0000;ppm;H2S;;;;;;;;;;;;
3588301834;"Unit 3588301834";;"2024-08-13 07:19:04";"2024-08-13 03:19:04";gps;14.6434482;-60.8987417;;0;0;1;;10;60;1;gsm;Location;;;"https://maps.google.com/maps?q=14.6434482;-60.8987417";0.0000;ppm;H2S;;;;;;;;;;;;
3588301834;"Unit 3588301834";;"2024-08-13 06:49:04";"2024-08-13 02:49:04";gps;14.6434482;-60.8987417;;0;0;1;;10;60;1;gsm;Location;;;"https://maps.google.com/maps?q=14.6434482;-60.8987417";0.0000;ppm;H2S;;;;;;;;;;;;
3588301834;"Unit 3588301834";;"2024-08-13 06:19:04";"2024-08-13 02:19:04";gps;14.6434482;-60.8987417;;0;0;1;;10;60;1;gsm;Location;;;"https://maps.google.com/maps?q=14.6434482;-60.8987417";0.0000;ppm;H2S;;;;;;;;;;;;
3588301834;"Unit 3588301834";;"2024-08-13 05:49:04";"2024-08-13 01:49:04";gps;14.6434482;-60.8987417;;0;0;1;;10;60;1;gsm;Location;;;"https://maps.google.com/maps?q=14.6434482;-60.8987417";0.0000;ppm;H2S;;;;;;;;;;;;
3588301834;"Unit 3588301834";;"2024-08-13 05:19:04";"2024-08-13 01:19:04";gps;14.6434482;-60.8987417;;0;0;1;;10;60;1;gsm;Location;;;"https://maps.google.com/maps?q=14.6434482;-60.8987417";0.0000;ppm;H2S;;;;;;;;;;;;
3588301834;"Unit 3588301834";;"2024-08-13 04:49:04";"2024-08-13 00:49:04";gps;14.6434482;-60.8987417;;0;0;1;;10;60;1;gsm;Location;;;"https://maps.google.com/maps?q=14.6434482;-60.8987417";0.0000;ppm;H2S;;;;;;;;;;;;
3588301834;"Unit 3588301834";;"2024-08-13 04:19:04";"2024-08-13 00:19:04";gps;14.6434482;-60.8987417;;0;0;1;;10;60;1;gsm;Location;;;"https://maps.google.com/maps?q=14.6434482;-60.8987417";0.0000;ppm;H2S;;;;;;;;;;;;
3588301834;"Unit 3588301834";;"2024-08-13 03:49:04";"2024-08-12 23:49:04";gps;14.6434482;-60.8987417;;0;0;1;;10;60;1;gsm;Location;;;"https://maps.google.com/maps?q=14.6434482;-60.8987417";0.0000;ppm;H2S;;;;;;;;;;;;
3588301834;"Unit 3588301834";;"2024-08-13 03:19:04";"2024-08-12 23:19:04";gps;14.6434482;-60.8987417;;0;0;1;;10;60;1;gsm;Location;;;"https://maps.google.com/maps?q=14.6434482;-60.8987417";0.0000;ppm;H2S;;;;;;;;;;;;
3588301834;"Unit 3588301834";;"2024-08-13 02:49:04";"2024-08-12 22:49:04";gps;14.6434482;-60.8987417;;0;0;1;;10;60;1;gsm;Location;;;"https://maps.google.com/maps?q=14.6434482;-60.8987417";0.0000;ppm;H2S;;;;;;;;;;;;
3588301834;"Unit 3588301834";;"2024-08-13 02:19:04";"2024-08-12 22:19:04";gps;14.6434482;-60.8987417;;0;0;1;;10;60;1;gsm;Location;;;"https://maps.google.com/maps?q=14.6434482;-60.8987417";0.0000;ppm;H2S;;;;;;;;;;;;
3588301834;"Unit 3588301834";;"2024-08-13 01:49:04";"2024-08-12 21:49:04";gps;14.6434482;-60.8987417;;0;0;1;;10;60;1;gsm;Location;;;"https://maps.google.com/maps?q=14.6434482;-60.8987417";0.0000;ppm;H2S;;;;;;;;;;;;
3588301834;"Unit 3588301834";;"2024-08-13 01:19:04";"2024-08-12 21:19:04";gps;14.6434482;-60.8987417;;0;0;1;;10;60;1;gsm;Location;;;"https://maps.google.com/maps?q=14.6434482;-60.8987417";0.5000;ppm;H2S;;;;;;;;;;;;
3588301834;"Unit 3588301834";;"2024-08-13 00:49:04";"2024-08-12 20:49:04";gps;14.6434482;-60.8987417;;0;0;1;;10;60;1;gsm;Location;;;"https://maps.google.com/maps?q=14.6434482;-60.8987417";0.9000;ppm;H2S;;;;;;;;;;;;
3588301834;"Unit 3588301834";;"2024-08-13 00:19:04";"2024-08-12 20:19:04";gps;14.6434482;-60.8987417;;0;0;1;;10;60;1;gsm;Location;;;"https://maps.google.com/maps?q=14.6434482;-60.8987417";0.0000;ppm;H2S;;;;;;;;;;;;
3588301834;"Unit 3588301834";;"2024-08-12 23:49:04";"2024-08-12 19:49:04";gps;14.6434482;-60.8987417;;0;0;1;;10;60;1;gsm;Location;;;"https://maps.google.com/maps?q=14.6434482;-60.8987417";0.8000;ppm;H2S;;;;;;;;;;;;
3588301834;"Unit 3588301834";;"2024-08-12 23:19:04";"2024-08-12 19:19:04";gps;14.6434482;-60.8987417;;0;0;1;;10;60;1;gsm;Location;;;"https://maps.google.com/maps?q=14.6434482;-60.8987417";1.1000;ppm;H2S;;;;;;;;;;;;
3588301834;"Unit 3588301834";;"2024-08-12 22:49:04";"2024-08-12 18:49:04";gps;14.6434482;-60.8987417;;0;0;1;;10;60;1;gsm;Location;;;"https://maps.google.com/maps?q=14.6434482;-60.8987417";0.0000;ppm;H2S;;;;;;;;;;;;
3588301834;"Unit 3588301834";;"2024-08-12 22:19:04";"2024-08-12 18:19:04";gps;14.6434482;-60.8987417;;0;0;1;;10;60;1;gsm;Location;;;"https://maps.google.com/maps?q=14.6434482;-60.8987417";0.0000;ppm;H2S;;;;;;;;;;;;
3588301834;"Unit 3588301834";;"2024-08-12 21:49:04";"2024-08-12 17:49:04";gps;14.6434482;-60.8987417;;0;0;1;;10;60;1;gsm;Location;;;"https://maps.google.com/maps?q=14.6434482;-60.8987417";0.8000;ppm;H2S;;;;;;;;;;;;
3588301834;"Unit 3588301834";;"2024-08-12 21:19:04";"2024-08-12 17:19:04";gps;14.6434482;-60.8987417;;0;0;1;;10;60;1;gsm;Location;;;"https://maps.google.com/maps?q=14.6434482;-60.8987417";0.0000;ppm;H2S;;;;;;;;;;;;
3588301834;"Unit 3588301834";;"2024-08-12 20:49:04";"2024-08-12 16:49:04";gps;14.6434482;-60.8987417;;0;0;1;;10;60;1;gsm;Location;;;"https://maps.google.com/maps?q=14.6434482;-60.8987417";0.9000;ppm;H2S;;;;;;;;;;;;
3588301834;"Unit 3588301834";;"2024-08-12 20:19:04";"2024-08-12 16:19:04";gps;14.6434482;-60.8987417;;0;0;1;;10;60;1;gsm;Location;;;"https://maps.google.com/maps?q=14.6434482;-60.8987417";0.7000;ppm;H2S;;;;;;;;;;;;
3588301834;"Unit 3588301834";;"2024-08-12 19:49:04";"2024-08-12 15:49:04";gps;14.6434482;-60.8987417;;0;0;1;;10;60;0;gsm;Location;;;"https://maps.google.com/maps?q=14.6434482;-60.8987417";0.0000;ppm;H2S;;;;;;;;;;;;
3588301834;"Unit 3588301834";;"2024-08-12 19:19:04";"2024-08-12 15:19:04";gps;14.6434482;-60.8987417;;0;0;1;;10;60;7;gsm;Location;;;"https://maps.google.com/maps?q=14.6434482;-60.8987417";1.6000;ppm;H2S;;;;;;;;;;;;
3588301834;"Unit 3588301834";;"2024-08-12 18:49:04";"2024-08-12 14:49:04";gps;14.6434482;-60.8987417;;0;0;1;;10;60;1;gsm;Location;;;"https://maps.google.com/maps?q=14.6434482;-60.8987417";1.4000;ppm;H2S;;;;;;;;;;;;
3588301834;"Unit 3588301834";;"2024-08-12 18:19:04";"2024-08-12 14:19:04";gps;14.6434482;-60.8987417;;0;0;1;;10;60;1;gsm;Location;;;"https://maps.google.com/maps?q=14.6434482;-60.8987417";1.0000;ppm;H2S;;;;;;;;;;;;
3588301834;"Unit 3588301834";;"2024-08-12 17:49:04";"2024-08-12 13:49:04";gps;14.6434482;-60.8987417;;0;0;1;;10;60;1;gsm;Location;;;"https://maps.google.com/maps?q=14.6434482;-60.8987417";1.0000;ppm;H2S;;;;;;;;;;;;
3588301834;"Unit 3588301834";;"2024-08-12 17:19:04";"2024-08-12 13:19:04";gps;14.6434482;-60.8987417;;0;0;1;;10;60;1;gsm;Location;;;"https://maps.google.com/maps?q=14.6434482;-60.8987417";1.2000;ppm;H2S;;;;;;;;;;;;
3588301834;"Unit 3588301834";;"2024-08-12 16:49:04";"2024-08-12 12:49:04";gps;14.6434482;-60.8987417;;0;0;1;;10;60;1;gsm;Location;;;"https://maps.google.com/maps?q=14.6434482;-60.8987417";1.8000;ppm;H2S;;;;;;;;;;;;
3588301834;"Unit 3588301834";;"2024-08-12 16:19:04";"2024-08-12 12:19:04";gps;14.6434482;-60.8987417;;0;0;1;;10;60;1;gsm;Location;;;"https://maps.google.com/maps?q=14.6434482;-60.8987417";2.4000;ppm;H2S;;;;;;;;;;;;
3588301834;"Unit 3588301834";;"2024-08-12 15:49:04";"2024-08-12 11:49:04";gps;14.6434482;-60.8987417;;0;0;1;;10;60;1;gsm;Location;;;"https://maps.google.com/maps?q=14.6434482;-60.8987417";1.1000;ppm;H2S;;;;;;;;;;;;
3588301834;"Unit 3588301834";;"2024-08-12 15:19:04";"2024-08-12 11:19:04";gps;14.6434482;-60.8987417;;0;0;1;;10;60;1;gsm;Location;;;"https://maps.google.com/maps?q=14.6434482;-60.8987417";1.2000;ppm;H2S;;;;;;;;;;;;
3588301834;"Unit 3588301834";;"2024-08-12 14:49:04";"2024-08-12 10:49:04";gps;14.6434482;-60.8987417;;0;0;1;;10;60;1;gsm;Location;;;"https://maps.google.com/maps?q=14.6434482;-60.8987417";1.5000;ppm;H2S;;;;;;;;;;;;
3588301834;"Unit 3588301834";;"2024-08-12 14:19:04";"2024-08-12 10:19:04";gps;14.6434482;-60.8987417;;0;0;1;;10;60;1;gsm;Location;;;"https://maps.google.com/maps?q=14.6434482;-60.8987417";2.2000;ppm;H2S;;;;;;;;;;;;
3588301834;"Unit 3588301834";;"2024-08-12 13:49:04";"2024-08-12 09:49:04";gps;14.6434482;-60.8987417;;0;0;1;;10;60;1;gsm;Location;;;"https://maps.google.com/maps?q=14.6434482;-60.8987417";2.2000;ppm;H2S;;;;;;;;;;;;
3588301834;"Unit 3588301834";;"2024-08-12 13:19:04";"2024-08-12 09:19:04";gps;14.6434482;-60.8987417;;0;0;1;;10;60;1;gsm;Location;;;"https://maps.google.com/maps?q=14.6434482;-60.8987417";1.6000;ppm;H2S;;;;;;;;;;;;
3588301834;"Unit 3588301834";;"2024-08-12 12:49:04";"2024-08-12 08:49:04";gps;14.6434482;-60.8987417;;0;0;1;;10;60;8;gsm;Location;;;"https://maps.google.com/maps?q=14.6434482;-60.8987417";1.5000;ppm;H2S;;;;;;;;;;;;
3588301834;"Unit 3588301834";;"2024-08-12 12:19:04";"2024-08-12 08:19:04";gps;14.6434482;-60.8987417;;0;0;1;;10;60;1;gsm;Location;;;"https://maps.google.com/maps?q=14.6434482;-60.8987417";1.1000;ppm;H2S;;;;;;;;;;;;
3588301834;"Unit 3588301834";;"2024-08-12 11:49:04";"2024-08-12 07:49:04";gps;14.6434482;-60.8987417;;0;0;1;;10;60;1;gsm;Location;;;"https://maps.google.com/maps?q=14.6434482;-60.8987417";1.5000;ppm;H2S;;;;;;;;;;;;
3588301834;"Unit 3588301834";;"2024-08-12 11:19:04";"2024-08-12 07:19:04";gps;14.6434482;-60.8987417;;0;0;1;;10;60;1;gsm;Location;;;"https://maps.google.com/maps?q=14.6434482;-60.8987417";1.1000;ppm;H2S;;;;;;;;;;;;
3588301834;"Unit 3588301834";;"2024-08-12 10:49:04";"2024-08-12 06:49:04";gps;14.6434482;-60.8987417;;0;0;1;;10;60;1;gsm;Location;;;"https://maps.google.com/maps?q=14.6434482;-60.8987417";1.2000;ppm;H2S;;;;;;;;;;;;
3588301834;"Unit 3588301834";;"2024-08-12 10:19:04";"2024-08-12 06:19:04";gps;14.6434482;-60.8987417;;0;0;1;;10;60;1;gsm;Location;;;"https://maps.google.com/maps?q=14.6434482;-60.8987417";2.0000;ppm;H2S;;;;;;;;;;;;
3588301834;"Unit 3588301834";;"2024-08-12 09:49:04";"2024-08-12 05:49:04";gps;14.6434482;-60.8987417;;0;0;1;;10;60;7;gsm;Location;;;"https://maps.google.com/maps?q=14.6434482;-60.8987417";1.1000;ppm;H2S;;;;;;;;;;;;
3588301834;"Unit 3588301834";;"2024-08-12 09:19:04";"2024-08-12 05:19:04";gps;14.6434482;-60.8987417;;0;0;1;;10;60;1;gsm;Location;;;"https://maps.google.com/maps?q=14.6434482;-60.8987417";1.1000;ppm;H2S;;;;;;;;;;;;
3588301834;"Unit 3588301834";;"2024-08-12 08:49:04";"2024-08-12 04:49:04";gps;14.6434482;-60.8987417;;0;0;1;;10;60;0;gsm;Location;;;"https://maps.google.com/maps?q=14.6434482;-60.8987417";0.9000;ppm;H2S;;;;;;;;;;;;
3588301834;"Unit 3588301834";;"2024-08-12 08:19:04";"2024-08-12 04:19:04";gps;14.6434482;-60.8987417;;0;0;1;;10;60;7;gsm;Location;;;"https://maps.google.com/maps?q=14.6434482;-60.8987417";1.3000;ppm;H2S;;;;;;;;;;;;
3588301834;"Unit 3588301834";;"2024-08-12 07:49:04";"2024-08-12 03:49:04";gps;14.6434482;-60.8987417;;0;0;1;;10;60;1;gsm;Location;;;"https://maps.google.com/maps?q=14.6434482;-60.8987417";1.5000;ppm;H2S;;;;;;;;;;;;
3588301834;"Unit 3588301834";;"2024-08-12 07:19:04";"2024-08-12 03:19:04";gps;14.6434482;-60.8987417;;0;0;1;;10;60;1;gsm;Location;;;"https://maps.google.com/maps?q=14.6434482;-60.8987417";1.1000;ppm;H2S;;;;;;;;;;;;
3588301834;"Unit 3588301834";;"2024-08-12 06:49:04";"2024-08-12 02:49:04";gps;14.6434482;-60.8987417;;0;0;1;;10;60;7;gsm;Location;;;"https://maps.google.com/maps?q=14.6434482;-60.8987417";1.9000;ppm;H2S;;;;;;;;;;;;
3588301834;"Unit 3588301834";;"2024-08-12 06:19:04";"2024-08-12 02:19:04";gps;14.6434482;-60.8987417;;0;0;1;;10;60;8;gsm;Location;;;"https://maps.google.com/maps?q=14.6434482;-60.8987417";1.1000;ppm;H2S;;;;;;;;;;;;
3588301834;"Unit 3588301834";;"2024-08-12 05:49:04";"2024-08-12 01:49:04";gps;14.6434482;-60.8987417;;0;0;1;;10;60;1;gsm;Location;;;"https://maps.google.com/maps?q=14.6434482;-60.8987417";2.5000;ppm;H2S;;;;;;;;;;;;
3588301834;"Unit 3588301834";;"2024-08-12 05:19:04";"2024-08-12 01:19:04";gps;14.6434482;-60.8987417;;0;0;1;;10;60;7;gsm;Location;;;"https://maps.google.com/maps?q=14.6434482;-60.8987417";1.4000;ppm;H2S;;;;;;;;;;;;
3588301834;"Unit 3588301834";;"2024-08-12 04:49:04";"2024-08-12 00:49:04";gps;14.6434482;-60.8987417;;0;0;1;;10;60;1;gsm;Location;;;"https://maps.google.com/maps?q=14.6434482;-60.8987417";1.7000;ppm;H2S;;;;;;;;;;;;
3588301834;"Unit 3588301834";;"2024-08-12 04:19:04";"2024-08-12 00:19:04";gps;14.6434482;-60.8987417;;0;0;1;;10;60;0;gsm;Location;;;"https://maps.google.com/maps?q=14.6434482;-60.8987417";1.3000;ppm;H2S;;;;;;;;;;;;
